SIDHAT,toplam_sefer,iptal_sefer,IPTAL_ORANI,SID,HATKODU,HATADI,HATCINSI,HATILCE
1,13241,718,0.054,1,11C,BURHANİYE MAHALLESİ - ÜSKÜDAR MARMARAY,İETT,Üsküdar
2,6982,386,0.055,2,11D,İNKILAP MAHALLESİ - ÜMRANİYE METRO,İETT,Ümraniye
3,60000,3555,0.059,3,319,KAYIŞDAĞI - KADIKÖY,ÖHO,Ataşehir
4,7232,648,0.09,4,31E,KUYUMCUKENT - EMİNÖNÜ,KARMA,Bahçelievler
5,28547,2908,0.102,5,320A,SULTANBEYLİ MİMARSİNAN / SAMANDIRA - ÜSKÜDAR,KARMA,Sultanbeyli
6,45631,4703,0.103,6,336E,SULTANÇİFTLİĞİ - EMİNÖNÜ,ÖHO,Sultangazi
7,17281,1952,0.113,7,336M,ARNAVUTKÖY - MECİDİYEKÖY,İETT,Arnavutköy
8,18674,2872,0.154,8,36V,YAYLA MAHALLESİ - VEZNECİLER,İETT,Sultangazi
9,13501,1143,0.085,9,37Y,ÇIRÇIR METRO - VEZNECİLER,ÖHO,Eyüpsultan
10,17434,1800,0.103,10,38E,G.O.P. DEVLET HASTANESİ - EMİNÖNÜ,KARMA,Gaziosmanpaşa
11,1011,54,0.053,11,38M,CEVATPAŞA / KÜÇÜKKÖY - MECİDİYEKÖY,İETT,Bayrampaşa
12,6863,351,0.051,12,39O,YEŞİLPINAR - OTOGAR,İETT,Eyüpsultan
13,3595,126,0.035,13,3B,KADIKÖY - ÜNALAN MAHALLESİ,İETT,Kadıköy
14,3007,139,0.046,14,3,BURHANİYE MAHALLESİ - KADIKÖY,İETT,Üsküdar
15,8804,416,0.047,15,402,BİNKILIÇ - ÇATALCA,ÖHO,Çatalca
16,8722,530,0.061,16,403,ÇİFTLİKKÖY - ÇATALCA,ÖHO,Çatalca
17,3063,359,0.117,17,40,RUMELİFENERİ / GARİPÇE - TAKSİM,İETT,Sarıyer
18,90905,11047,0.122,18,418,HADIMKÖY - HARAMİDERE,ÖHO,Arnavutköy
19,53283,6194,0.116,19,41ST,SEYRANTEPE - TOPKAPI,KARMA,Kağıthane
20,8854,809,0.091,20,42KT,SARIYER - KOCATAŞ,İETT,Sarıyer
21,3881,202,0.052,21,42M,BAHÇEKÖY - ZİNCİRLİKUYU METROBÜS,İETT,Sarıyer
22,1927,94,0.049,22,HM3,HÜRRİYET MAHALLESİ - ŞİŞLİ,İETT,Kağıthane
24,17067,2685,0.157,24,336T,TAŞOLUK MAHALLESİ- CEBECİ,İETT,Arnavutköy
25,20495,1662,0.081,25,33B,GİYİMKENT / BİRLİK MAHALLESİ - EMİNÖNÜ,KARMA,Esenler
26,4156,463,0.111,26,33TE,ESENLER TURGUTREİS - EMİNÖNÜ,İETT,Esenler
27,1726,208,0.121,27,33TM,GİYİMKENT / TURGUTREİS - MECİDİYEKÖY,İETT,Esenler
28,36698,2577,0.07,28,35D,KOCAMUSTAFAPAŞA - BALAT,ÖHO,Fatih
29,53954,3827,0.071,29,35,KOCAMUSTAFAPAŞA - EMİNÖNÜ,KARMA,Fatih
30,3739,359,0.096,30,36A,CEBECİ - VEZNECİLER,KARMA,Sultangazi
31,4529,605,0.134,31,36B,BOLLUCA / BOĞAZKÖY - CEBECİ,İETT,Arnavutköy
32,9532,1033,0.108,32,36C,ARNAVUTKÖY-CEBECI,İETT,Arnavutköy
33,9824,1214,0.124,33,36D,ARNAVUTKÖY - DELİKLİKAYA,İETT,Arnavutköy
35,10099,1465,0.145,35,36HT,FATİH MAHALLESİ- HARAÇÇI - CEBECİ,İETT,Arnavutköy
38,18363,987,0.054,38,48N,EMNİYETTEPE - TAKSİM,KARMA,Eyüpsultan
39,23811,2337,0.098,39,48T,HAMİDİYE MAHALLESİ - TAKSİM,KARMA,Kağıthane
40,2824,122,0.043,40,49Y,YEŞİLPINAR - ŞİŞLİ,KARMA,Eyüpsultan
41,19187,1683,0.088,41,4,MALTEPE SAHİL - KADIKÖY,OAŞ,Maltepe
42,118494,14832,0.125,42,500T,TUZLA ŞİFA MAHALLESİ - 4. LEVENT METRO,ÖHO,Çayırova
44,39405,3146,0.08,44,522,ÖZYEĞİN ÜNİVERSİTESİ / ALEMDAĞ - MECİDİYEKÖY,ÖHO,Çekmeköy
45,1982,69,0.035,45,54TE,SADABAT EVLERİ / TALATPAŞA - EMİNÖNÜ,İETT,Kağıthane
46,27341,1656,0.061,46,55,GAZİOSMANPAŞA - ŞİŞLİ,KARMA,Gaziosmanpaşa
47,54137,4606,0.085,47,86V,EYÜPSULTAN - VEZNECİLER,ÖHO,Eyüpsultan
48,25832,3674,0.142,48,89A,K.S.S. HASTANESİ - ZEYTİNBURNU,KARMA,Küçükçekmece
49,26930,3579,0.133,49,89C,İETT İKİTELLİ GARAJI-TAKSİM,ÖHO,Küçükçekmece
50,5874,1045,0.178,50,89T,K.S.S. HASTANESİ/ATAKENT-TAKSİM,İETT,Küçükçekmece
51,10944,1766,0.161,51,89,K.S.S. HASTANESİ/ATAKENT-AKSARAY,İETT,Küçükçekmece
52,26497,2472,0.093,52,8E,ESENEVLER - KADIKÖY,OAŞ,Ümraniye
54,1858,186,0.1,54,8Y,SOYAK YENİŞEHİR - YENİSAHRA METRO,İETT,Ümraniye
55,12617,1017,0.081,55,92T,BAĞCILAR DEVLET HASTANESİ - TAKSİM,ÖHO,Bağcılar
56,41795,3801,0.091,56,93M,ZEYTİNBURNU - MECİDİYEKÖY,ÖHO,Zeytinburnu
57,2117,337,0.159,57,94Y,YEŞİLPINAR - BAKIRKÖY,KARMA,Eyüpsultan
58,15845,1433,0.09,58,97A,BASINSİTESİ - EMİNÖNÜ,KARMA,Bahçelievler
59,20886,1720,0.082,59,97G,YENİ MAHALLE METRO - AKSARAY,ÖHO,Bağcılar
60,9311,678,0.073,60,97T,BASINSİTESİ - TAKSİM,ÖHO,Bahçelievler
61,13786,1367,0.099,61,98Y,GİYİMKENT / YÜZYIL MAHALLESİ - BAKIRKÖY,İETT,Esenler
62,1799,296,0.165,62,9A,ATAKENT - ÜMRANİYE METRO,İETT,Ümraniye
63,6570,568,0.086,63,9ÇN,ÇEKMEKÖY - NİŞANTEPE / ÖZYEĞİN ÜNİVERSİTESİ,İETT,Çekmeköy
65,18,0,0.0,65,D1,TEPEÜSTÜ - POLONEZKÖY / CUMHURİYET KÖYÜ,İETT,Ümraniye
66,35621,3720,0.104,66,DT2,ORTAKÖY - TAKSİM,KARMA,Beşiktaş
67,2102,224,0.107,67,E-11,SABİHA GÖKÇEN HAVALİMANI - KADIKÖY,OAŞ,Pendik
68,2263,163,0.072,68,E-9,SABİHA GÖKÇEN H.L.-BOSTANCI,İETT,Pendik
69,20032,2013,0.1,69,58N,FATİH SULTAN MEHMET - KABATAŞ,OAŞ,Sarıyer
70,2197,208,0.095,70,58UL,ULUS MAHALLESİ - KABATAŞ,İETT,Beşiktaş
71,23168,2201,0.095,71,59RS,SARIYER - RUMELİ HİSARÜSTÜ,KARMA,Sarıyer
73,2420,300,0.124,73,66Z,ZİNCİRLİDERE - ŞİŞLİ,İETT,Kağıthane
74,20733,1183,0.057,74,6,ESATPAŞA / KÜÇÜKÇAMLICA - HAREM,ÖHO,Ataşehir
75,1441,59,0.041,75,70D,KURTULUŞ / DOLAPDERE - EMİNÖNÜ,İETT,Şişli
76,1909,122,0.064,76,72YT,CERRAHPAŞA TIP FAK. MURAT DİLMENER ACİL DURUM HASTANESİ-YENİKAPI,İETT,Bakırköy
78,2332,110,0.047,78,75O,OTOGAR - MECİDİYEKÖY,İETT,Bayrampaşa
82,4334,345,0.08,82,76Y,İHLAS MARMARA EVLERİ - BAKIRKÖY,İETT,Beylikdüzü
83,11977,981,0.082,83,77Ç,ÇIKSALIN - EMİNÖNÜ,KARMA,Beyoğlu
84,3621,586,0.162,84,78H,FENERTEPE PERON/BAŞAKŞEHİR - EMİNÖNÜ,İETT,Başakşehir
85,14607,2143,0.147,85,78Ş,FENERTEPE PERON/BAŞAKŞEHİR - ŞAHİNTEPE İGTOT,İETT,Başakşehir
86,14521,2442,0.168,86,79B,KAYAŞEHİR - BAKIRKÖY,KARMA,Başakşehir
87,10809,1614,0.149,87,79F,KAYAŞEHİR - YENİBOSNA METRO,İETT,Başakşehir
88,21938,3444,0.157,88,79KM,KAYAŞEHİR - MECİDİYEKÖY,İETT,Başakşehir
89,5602,729,0.13,89,79Ş,ŞAHİNTEPE İGTOT - İKİTELLİ OSB,İETT,Başakşehir
91,4845,184,0.038,91,85T,ESENLER METRO - TAKSİM,İETT,Esenler
92,10109,684,0.068,92,KM32,KURFALI - KARTAL METRO / KARTAL,İETT,Kartal
93,13473,681,0.051,93,KM60,VEYSEL KARANİ - KARTAL METRO / CEVİZLİ,İETT,Sancaktepe
94,12341,604,0.049,94,KM70,SULTANBEYLİ/PETROL YOLU CADDESI - KARTAL METRO / CEVİZLİ,İETT,Sultanbeyli
95,2606,339,0.13,95,KÇ2,K.S.S.HASTANESİ - YENİBOSNA METRO,İETT,Küçükçekmece
96,16763,2555,0.152,96,MK12,OLİMPİYATKÖY METRO - GÜVERCİNTEPE - KAYAŞEHİR,İETT,Başakşehir
97,2094,316,0.151,97,MK16,OLİMPİYATKÖY METRO - K.ÇEKMECE METROBÜS,İETT,Başakşehir
99,18756,1230,0.066,99,MR20,YENİBOSNA METRO - KAZLIÇEŞME,İETT,Bakırköy
100,18846,482,0.026,100,SG-1,KADIKÖY - SABİHA GÖKÇEN HAVALİMANI,ÖHO,Pendik
101,7997,837,0.105,101,145T,BEYLİKDÜZÜ - TAKSİM,ÖÇK,Beylikdüzü
102,39996,6446,0.161,102,146,BOĞAZKÖY / BAHÇEŞEHİR - BAKIRKÖY,KARMA,Başakşehir
103,7283,851,0.117,103,14AK,ÖZYEĞİN ÜNİ. / ALEMDAĞ - ZİVERBEY / KADIKÖY,İETT,Çekmeköy
104,53645,5389,0.1,104,14B,ADEM YAVUZ MAHALLESİ - KADIKÖY,KARMA,Ümraniye
105,9176,299,0.033,105,14C,ÜSKÜDAR DEVLET HASTANESİ - KADIKÖY,İETT,Üsküdar
106,9676,505,0.052,106,14D,DUMLUPINAR / KAZIMKARABEKİR - KADIKÖY,İETT,Ümraniye
107,2,1,0.5,107,14FD,FERAH MAHALLESİ - ÜSKÜDAR DEVLET HASTANESİ,İETT,Üsküdar
108,8711,391,0.045,108,14K,KAZIM KARABEKİR - KADIKÖY,İETT,Ümraniye
109,6298,224,0.036,109,14YE,YAVUZTÜRK MAHALLESİ / ÜMRANİYE - EMEK MAHALLESİ,İETT,Üsküdar
110,25285,1874,0.074,110,14Y,YAVUZTÜRK MAHALLESİ - KADIKÖY,KARMA,Üsküdar
111,36869,2488,0.067,111,151,HACIOSMAN METRO - KİLYOS / DEMİRCİKÖY,İETT,Sarıyer
112,13340,785,0.059,112,15A,ANADOLUKAVAĞI - KAVACIK,KARMA,Beykoz
113,6287,269,0.043,113,15E,TEKKE MEVKİİ - ÜSKÜDAR,İETT,Beykoz
114,14306,1409,0.098,114,15KÇ,KARANLIKDERE / ÇAVUŞBAŞI - ÜSKÜDAR,İETT,Beykoz
115,5916,627,0.106,115,15T,TOKATKÖY - ÜSKÜDAR,KARMA,Beykoz
116,14357,1136,0.079,116,15Y,YENİMAHALLE - ÜSKÜDAR,İETT,Beykoz
117,27339,1865,0.068,117,15,BEYKOZ - ÜSKÜDAR,ÖHO,Beykoz
118,58601,3988,0.068,118,16D,ALTKAYNARCA / PENDİK - KADIKÖY,ÖÇK,Pendik
119,12914,821,0.064,119,16U,UĞURMUMCU - ÜSKÜDAR,İETT,Kartal
120,8369,641,0.077,120,16,PENDİK - KADIKÖY,İETT,Pendik
122,4619,273,0.059,122,17L,KÜÇÜKYALI LOJMANLARI / MARMARA ÜNİV. - BOSTANCI,İETT,Maltepe
123,19277,1235,0.064,123,17,PENDİK - KADIKÖY,KARMA,Pendik
124,6110,326,0.053,124,18E,YENİDOĞAN / SAMANDIRA - KADIKÖY,İETT,Sancaktepe
125,41916,4231,0.101,125,18Ü,SULTANBEYLİ - ÜSKÜDAR,İETT,Sultanbeyli
126,19,18,0.947,126,19D,ÜMRANİYE - BOSTANCI,KARMA,Ümraniye
127,2302,147,0.064,127,19FK,FINDIKLI MAHALLESİ - AYRILIKÇEŞME,İETT,Maltepe
128,32974,2349,0.071,128,19T,FERHATPAŞA - KADIKÖY,KARMA,Ataşehir
129,6352,242,0.038,129,19V,VEYSEL KARANİ / SAMANDIRA - KOZYATAĞI METRO,İETT,Sancaktepe
130,2496,103,0.041,130,19Z,ZÜMRÜTEVLER - KADIKÖY,KARMA,Maltepe
132,16137,1257,0.078,132,20E,ESATPAŞA - KADIKÖY,İETT,Ataşehir
135,6318,563,0.089,135,22RE,FATİH SULTAN MEHMET - BEŞİKTAŞ,İETT,Sarıyer
136,3742,240,0.064,136,256,YEDİTEPE ÜNİVERSİTESİ / ATAŞEHİR - TAKSİM,KARMA,Maltepe
137,2371,223,0.094,137,25C,TARABYAÜSTÜ / FERAHEVLER - İSTİNYE,İETT,Sarıyer
139,4528,327,0.072,139,26A,FULYA MAHALLESİ - EMİNÖNÜ,İETT,Şişli
140,19847,2880,0.145,140,27SE,SEYRANTEPE - KABATAŞ,KARMA,Kağıthane
141,23608,2304,0.098,141,27T,ŞİRİNTEPE - ŞİŞLİ,KARMA,Kağıthane
142,32847,4068,0.124,142,29C,TARABYAÜSTÜ - KABATAŞ,OAŞ,Sarıyer
143,11778,870,0.074,143,2,BOSTANCI - HAREM,İETT,Kadıköy
145,45546,2696,0.059,145,30M,BEŞİKTAŞ - MECİDİYEKÖY,KARMA,Beşiktaş
148,2333,370,0.159,148,141A,ATAKENT - K.S.S. HASTANESİ,İETT,Küçükçekmece
149,46009,7386,0.161,149,142B,K.S.S. HASTANESİ - BÜYÜKÇEKMECE,İETT,Küçükçekmece
150,11496,1312,0.114,150,146M,METROKENT - MECİDİYEKÖY,İETT,Başakşehir
151,46702,7359,0.158,151,147,ŞAHİNTEPE İGTOT - AVCILAR CİHANGİR MAHALLESİ,KARMA,Başakşehir
152,30562,3085,0.101,152,14A,ÖZYEĞİN ÜNİVERSİTESİ / ALEMDAĞ - KADIKÖY,OAŞ,Çekmeköy
153,28545,3038,0.106,153,14F,KÜPLÜCE - KADIKÖY,KARMA,Üsküdar
154,36284,5045,0.139,154,152,HACIOSMAN METRO - ZEKERİYAKÖY / KISIRKAYA,İETT,Sarıyer
155,5311,336,0.063,155,154,HACIOSMAN METRO - KOÇ ÜNİVERSİTESİ,İETT,Sarıyer
156,11323,552,0.049,156,15R,RASATHANE - ÜSKÜDAR,KARMA,Üsküdar
157,39814,5093,0.128,157,15TY,TOKATKÖY / BEYKOZ - YENİMAHALLE,ÖHO,Beykoz
158,5914,512,0.087,158,15Z,GÜZELTEPE - ÜSKÜDAR,İETT,Üsküdar
159,4572,199,0.044,159,15ÇB,KAVACIK - ÇAVUŞBAŞI / ÇENGELDERE,İETT,Beykoz
160,17755,1940,0.109,160,19A,YENİDOĞAN - AYRILIKÇEŞME,İETT,Sancaktepe
161,9219,580,0.063,161,19ES,ESENŞEHİR - KADIKÖY,İETT,Sancaktepe
162,1583,186,0.117,162,19FB,FINDIKLI MAHALLESİ - BOSTANCI,İETT,Ataşehir
163,17618,907,0.051,163,20D,SARIGAZİ/YENİŞEHİR-KADIKÖY,KARMA,Sancaktepe
169,18494,2250,0.122,169,MR11,KAZLIÇEŞME - TOPKAPI,İETT,Zeytinburnu
172,11187,592,0.053,172,U2,BEŞİKTAŞ-ULUS,ÖHO,Beşiktaş
173,8395,1246,0.148,173,143,KÜÇÜKÇEKMECE - İSTOÇ,İETT,Küçükçekmece
174,17515,1945,0.111,174,19YK,YENİDOĞAN-KAYIŞDAĞI,İETT,Sancaktepe
175,8596,1294,0.151,175,48M,AKPINAR KÖYÜ-ARNAVUTKÖY,İETT,Eyüpsultan
177,3330,1044,0.314,177,ES1,ESENYURT BELEDİYESİ - BEYLİKDÜZÜ DEVLET HASTANESİ/BEYKENT,İETT,Esenyurt
178,15613,1093,0.07,178,UM60,SANCAKTEPE - NECİP FAZIL METRO,İETT,Sancaktepe
179,32515,2560,0.079,179,UM73,SABİHA GÖKÇEN H.L./ SULTANBEYLİ - SAMANDIRA MERKEZ METRO,İETT,Sultanbeyli
180,15565,1137,0.073,180,10E,ESATPAŞA - KADIKÖY,İETT,Ataşehir
181,3637,472,0.13,181,36YS,YASSIÖREN - ARNAVUTKÖY,İETT,Arnavutköy
183,3845,187,0.049,183,3A,KADIKÖY - ÜNALAN MAHALLESİ,İETT,Kadıköy
184,9542,857,0.09,184,404,YALIKÖY / KARACAKÖY - ÇATALCA,ÖHO,Çatalca
185,22769,2733,0.12,185,40T,İSTİNYE DEREİÇİ - TAKSİM,ÖHO,Sarıyer
186,28549,2516,0.088,186,41C,AYAZAĞA - SARIYER,KARMA,Sarıyer
187,12163,1013,0.083,187,41SF,SARIYER - FATİH SULTAN MEHMET,İETT,Sarıyer
190,5119,325,0.063,190,42Z,HACIOSMAN METRO - KAZIM KARABEKİR,İETT,Sarıyer
192,9861,695,0.07,192,33M,GİYİMKENT - MECİDİYEKÖY,İETT,Esenler
193,11309,1238,0.109,193,36F,CEBECİ - FENERTEPE/OLİMPİYATKÖY METRO,İETT,Sultangazi
194,2724,352,0.129,194,36M,CEBECİ - MECİDİYEKÖY,KARMA,Sultangazi
196,7600,465,0.061,196,48P,KEMERBURGAZ - AKPINAR KÖYÜ,İETT,Eyüpsultan
197,5045,573,0.114,197,49T,YEŞİLPINAR - TAKSİM,KARMA,Eyüpsultan
198,6789,638,0.094,198,49,SULTANGAZİ PERON-ŞİŞLİ,KARMA,Sultangazi
201,7738,486,0.063,201,19K,ACARLAR SİTESİ / KAYIŞDAĞI - KADIKÖY,İETT,Ataşehir
203,10329,1221,0.118,203,32A,CEVATPAŞA - AKSARAY,İETT,Bayrampaşa
204,8205,544,0.066,204,65A,SEYRANTEPE - KAĞITHANE GARAJI,İETT,Kağıthane
206,9335,1133,0.121,206,MK31,K.S.S HASTANESİ-BAŞAKŞEHİR/FENERTEPE PERON,İETT,Küçükçekmece
207,9404,791,0.084,207,131SB,SULTANBEYLİ MERKEZ-SULTANBEYLİ YENİ DEVLET HAST.,İETT,Sultanbeyli
208,12452,488,0.039,208,300G,SİLİVRİ GÜMÜŞYAKA-TÜYAP,İETT,Silivri
209,8664,551,0.064,209,HM1,HACIOSMAN METRO - KOCATAŞ,İETT,Sarıyer
210,22352,1631,0.073,210,59N,FATİH SULTAN MEHMET - ŞİŞLİ,OAŞ,Sarıyer
211,11431,711,0.062,211,138,CUMHURİYET KÖYÜ / ÖMERLİ - ÜMRANİYE,İETT,Beykoz
212,23382,1797,0.077,212,14M,KAVACIK YENİ CAMİ - KADIKÖY,KARMA,Beykoz
213,43572,3225,0.074,213,19,FERHATPAŞA / YEDİTEPE ÜNİVERSİTESİ - KADIKÖY,ÖHO,Ataşehir
214,13214,1496,0.113,214,48KA,KEMERBURGAZ - ARNAVUTKÖY,İETT,Eyüpsultan
215,5014,157,0.031,215,136R,RİVA - KAVACIK,İETT,Beykoz
216,3136,166,0.053,216,KM3,UĞURMUMCU-YAKACIK METRO/ PENDİK,İETT,Kartal
218,9718,1238,0.127,218,49GB,SULTANGAZİ PERON/BARAJ YOLU - ŞİŞLİ,İETT,Sultangazi
219,2338,239,0.102,219,76C,BÜYÜKÇEKMECE - BAKIRKÖY,İETT,Büyükçekmece
220,5542,955,0.172,220,78ZB,FENERTEPE PERON/BAŞAKŞEHİR - ZEYTİNBURNU,İETT,Başakşehir
221,12199,1426,0.117,221,98D,YENİ MAHALLE METRO - BAKIRKÖY,OAŞ,Bağcılar
222,37246,6438,0.173,222,HT29,KIRAÇ YOLU - AVCILAR METROBÜS,İETT,Esenyurt
223,6992,551,0.079,223,UM40,ATATÜRK MAH./ TAŞDELEN - NECİP FAZIL METRO,İETT,Çekmeköy
224,5068,551,0.109,224,16KH,YENİŞEHİR / MARMARA ÜNİV. HASTANESİ - KADIKÖY,ÖHO,Pendik
225,24547,4559,0.186,225,98KM,FENERTEPE - SEFAKÖY METROBÜS,İETT,Başakşehir
226,2280,115,0.05,226,47F,ÇIRÇIR METRO - 4.LEVENT METRO,İETT,Eyüpsultan
230,7516,513,0.068,230,UM61,PAŞAKÖY/YENİDOĞAN-NECİP FAZIL METRO,İETT,Sancaktepe
231,30762,3247,0.106,231,HT11,GİYİMKENT - KUYUMCUKENT,İETT,Esenler
233,17861,2140,0.12,233,336K,YENİKÖY / KARABURUN - MESCİDİ SELAM,İETT,Arnavutköy
234,16054,675,0.042,234,15SD,ORTAÇEŞME/SULTANİYE-DUDULLU İMES,İETT,Beykoz
236,5493,278,0.051,236,ÇM43,ATATÜRK MAHALLESİ-NECİP FAZIL METRO,İETT,Çekmeköy
238,73816,7265,0.098,238,132M,SULTANBEYLİ MİMARSİNAN - KARTAL METRO / CEVİZLİ,OAŞ,Sultanbeyli
239,5682,393,0.069,239,131A,AHMET YESEVİ MAHALLESİ - ÜMRANİYE,İETT,Sultanbeyli
240,725,88,0.121,240,UM13,KÜÇÜKSU / YAVUZTÜRK MAHALLESİ - ÜMRANİYE EĞT.ARŞ.HST.,İETT,Üsküdar
242,7013,484,0.069,242,H-3,HALKALI MARMARAY - İSTANBUL HAVALİMANI,İETT,Küçükçekmece
243,7540,340,0.045,243,59R,RUMELİ HİSARÜSTÜ - ŞİŞLİ,KARMA,Sarıyer
244,1976,57,0.029,244,74,HİLTON SİTESİ - EMİNÖNÜ,İETT,Şişli
245,22320,1498,0.067,245,77,YENİKAPI-ŞİŞLİ,ÖHO,Fatih
246,21710,2101,0.097,246,78,METROKENT - EMİNÖNÜ,KARMA,Başakşehir
247,2777,351,0.126,247,ES3,ESENYURT DEVLET HASTANESİ - HARAMİDERE,İETT,Esenyurt
248,15515,947,0.061,248,82,KUYUMCUKENT - EMİNÖNÜ,ÖHO,Bakırköy
249,8924,595,0.067,249,HM2,KONAKLAR MAHALLESİ - 4.LEVENT METRO,OAŞ,Beşiktaş
250,5426,739,0.136,250,8,VALİEVLERİ - KADIKÖY,İETT,Üsküdar
251,6937,905,0.13,251,98A,GÖZTEPE MAHALLESİ - BAKIRKÖY,İETT,Bağcılar
254,27893,1561,0.056,254,EM1,EMİNÖNÜ - KULAKSIZ,KARMA,Fatih
256,15929,1221,0.077,256,122C,TEPEÜSTÜ - MECİDİYEKÖY,KARMA,Ümraniye
257,2206,204,0.092,257,129L,KOZYATAĞI - 4.LEVENT METRO,İETT,Ataşehir
258,56500,4991,0.088,258,131T,ATATÜRK MAH./ TAŞDELEN - İMES/ ÜMRANİYE,ÖHO,Çekmeköy
259,2149,86,0.04,259,133G,GÜLENSU MAHALLESİ - KARTAL,İETT,Maltepe
261,11237,1151,0.102,261,KM21,HİLAL KONUTLARI - KARTAL METRO / CEVİZLİ,İETT,Pendik
262,16314,681,0.042,262,15D,ANADOLUFENERİ /KAYNARCA / DERESEKİ - SULTANİYE,İETT,Beykoz
263,13307,715,0.054,263,16A,PENDİK - ÜSKÜDAR,KARMA,Pendik
265,19878,1450,0.073,265,49Z,YEŞİLPINAR - ZİNCİRLİKUYU METROBÜS,KARMA,Eyüpsultan
266,19442,1980,0.102,266,97GE,15 TEMMUZ MAHALLESİ - EMİNÖNÜ,ÖHO,Bağcılar
267,4042,305,0.075,267,KM30,KARTAL / ATALAR - ESENKENT METRO,İETT,Kartal
268,16923,1386,0.082,268,KM25,YENİŞEHİR - KARTAL METRO / CEVİZLİ,KARMA,Pendik
269,15849,1013,0.064,269,11Ü,ESATPAŞA / ÜNALAN - ÜSKÜDAR,İETT,Ataşehir
270,4627,258,0.056,270,132Y,HİLAL KONUTLARI / YAYALAR - KARTAL METRO,İETT,Pendik
271,5394,413,0.077,271,39,AKŞEMSETTİN - YENİKAPI,İETT,Eyüpsultan
272,3655,364,0.1,272,138B,GÖLLÜ/ÖMERLİ-ÜMRANİYE,ÖHO,Beykoz
273,5162,596,0.115,273,98MB,MEHMET AKİF MAHALLESİ - BAKIRKÖY,İETT,Küçükçekmece
275,16979,2085,0.123,275,MR10,ZEYTİNBURNU - KAZLIÇEŞME,İETT,Zeytinburnu
276,17528,2105,0.12,276,137,CUMHURİYET KÖYÜ / RİVA - BEYKOZ / SULTANİYE,İETT,Beykoz
277,1698,114,0.067,277,19B,BAŞIBÜYÜK MAHALLESİ - KADIKÖY,İETT,Maltepe
278,7233,337,0.047,278,19M,ACARLAR SİTESİ / ATAŞEHİR - KADIKÖY,İETT,Ataşehir
280,396,12,0.03,280,AND1Ş,ANADOLU1 DEPAR / ŞAHİNKAYA,İETT,Beykoz
281,2944,508,0.173,281,26B,FULYA MAHALLESİ - KABATAŞ,İETT,Beşiktaş
282,1634,89,0.054,282,29A,DERBENT MAHALLESİ - BEŞİKTAŞ,İETT,Sarıyer
283,32665,3962,0.121,283,30A,BEŞİKTAŞ - MECİDİYEKÖY,KARMA,Beşiktaş
285,25411,2316,0.091,285,EM2,EMİNÖNÜ - KULAKSIZ,KARMA,Fatih
286,4661,386,0.083,286,HT10,BATIŞEHİR - YENİBOSNA METRO,İETT,Bağcılar
287,4131,274,0.066,287,HT6,BATIŞEHİR-KOCATEPE METRO,İETT,Bağcılar
288,1494,110,0.074,288,11G,YENİDOĞAN - NECİP FAZIL METRO,İETT,Sancaktepe
289,6739,326,0.048,289,11L,ESATPAŞA / BULGURLU - ÜSKÜDAR,OAŞ,Ataşehir
290,7493,594,0.079,290,11R,REŞADİYE - NECİP FAZIL METRO,İETT,Çekmeköy
292,28110,1981,0.07,292,11ÇB,KAVACIK / ÇAVUŞBAŞI - ÜMRANİYE,İETT,Beykoz
296,26626,2611,0.098,296,131,SULTANBEYLİ - ÜMRANİYE,OAŞ,Sultanbeyli
297,12095,585,0.048,297,132F,ESENLER - TAVŞANTEPE METRO/ KARTAL,İETT,Pendik
298,15663,1023,0.065,298,132,AKFIRAT / TEPEÖREN - KARTAL,İETT,Tuzla
299,42935,3439,0.08,299,133KT,AYDINLI TOKİ KONUTLARI - KARTAL,KARMA,Tuzla
300,5428,327,0.06,300,134GK,UĞURMUMCU/ GÜMÜŞPINAR - KARTAL,ÖHO,Kartal
302,7729,445,0.058,302,135K,KARLITEPE - ORTAÇEŞME,İETT,Beykoz
305,9621,740,0.077,305,18,SULTANBEYLİ - UZUNÇAYIR METROBÜS/ ÜSKÜDAR,İETT,Sultanbeyli
306,1387,110,0.079,306,25S2,HACIOSMAN METRO-SARIYER,İETT,Sarıyer
307,16921,2080,0.123,307,336MC,BOLLUCA / İMRAHOR - CEBECİ,İETT,Arnavutköy
308,12836,918,0.072,308,41N,NİŞANTAŞI ÜNİVERSİTESİ - MASLAK,KARMA,Sarıyer
310,50287,4721,0.094,310,622,YENİDOĞAN - MECİDİYEKÖY,KARMA,Sancaktepe
311,12678,890,0.07,311,KM44,MALTEPE ÜNİVERSİTESİ - SİTELER - MALTEPE,İETT,Maltepe
312,6653,447,0.067,312,UM62,YENİDOĞAN/TAŞDELEN-NECİP FAZIL METRO,İETT,Sancaktepe
313,12069,1141,0.095,313,UM74,SULTANBEYLİ DEVLET HAST./ NECİP FAZIL METRO - DUDULLU OSB,İETT,Sultanbeyli
314,3268,659,0.202,314,10B,BOSTANCI - KADIKÖY,İETT,Kadıköy
316,40748,4279,0.105,316,62,KAĞITHANE / GÜLTEPE - KABATAŞ,KARMA,Kağıthane
317,11955,1039,0.087,317,76G,GÜRPINAR - AVCILAR METROBÜS,İETT,Beylikdüzü
318,4918,471,0.096,318,76,BEYLİKDÜZÜ - BAKIRKÖY,İETT,Beylikdüzü
320,31971,4205,0.132,320,78C,YUNUS EMRE MAHALLESİ - FENERTEPE,İETT,Sultangazi
321,7164,960,0.134,321,79C,KAYAŞEHİR - CEBECİ MAHALLESİ,İETT,Başakşehir
322,16490,2532,0.154,322,79G,KAYAŞEHİR - ZEYTİNBURNU,İETT,Başakşehir
323,12085,1481,0.123,323,79Y,KAYABAŞI KİPTAŞ / KAYAŞEHİR - YENİBOSNA METRO,İETT,Başakşehir
324,1074,47,0.044,324,80,KAZLIÇEŞME - EMİNÖNÜ,İETT,Zeytinburnu
325,31376,3637,0.116,325,85C,DAVUTPAŞA YTÜ - KAZLIÇEŞME,İETT,Güngören
326,23636,1610,0.068,326,87,TOPKAPI / EDİRNEKAPI - TAKSİM,KARMA,Fatih
327,25175,2093,0.083,327,88,SULTANGAZİ PERON - TOPKAPI,İETT,Sultangazi
328,30457,2989,0.098,328,89S,SÖĞÜTLÜÇEŞME - ZEYTİNBURNU,KARMA,Küçükçekmece
329,5854,857,0.146,329,89YB,K.S.S. HASTANESİ/ATAKENT - BAKIRKÖY,İETT,Küçükçekmece
330,14510,1122,0.077,330,90,DRAMAN - EMİNÖNÜ,KARMA,Fatih
334,42572,6453,0.152,334,BN1,HALKALI - EMİNÖNÜ,KARMA,Küçükçekmece
335,5026,486,0.097,335,E-10,SABİHA GÖKÇEN HAVALİMANI / KURTKÖY - KADIKÖY,ÖHO,Pendik
336,15013,703,0.047,336,E-58,ESENKENT BAHÇEŞEHİR - MECİDİYEKÖY,ÖÇK,Esenyurt
337,4944,388,0.078,337,ER1,KADIKÖY - ERENKÖY,İETT,Kadıköy
338,3616,316,0.087,338,FB2,KADIKÖY - FENERBAHÇE,OAŞ,Kadıköy
339,14396,2020,0.14,339,HT12,GÜNEŞLİ BASIN TESİSLERİ - YENİBOSNA METRO,İETT,Bağcılar
340,5181,638,0.123,340,HT18,HADIMKÖY/İ.Ü. CERRAHPAŞA KAMPÜSÜ - TÜYAP,İETT,Arnavutköy
341,16907,2060,0.122,341,HT5,KOCATEPE METRO-NUR SİTESİ,İETT,Gaziosmanpaşa
342,1970,192,0.097,342,KM2,KAVAKPINAR-TAVŞANTEPE METRO,İETT,Pendik
343,722,114,0.158,343,122H,S.GÖKÇEN HAVALİMANI / YENİŞEHİR - 4.LEVENT METRO,İETT,Pendik
344,5170,187,0.036,344,122Y,ÇEKMEKÖY - MECİDİYEKÖY,İETT,Çekmeköy
345,51336,4907,0.096,345,131YS,SULTANBEYLİ DEVLET HASTANESİ - YENİDOĞAN - ÜMRANİYE,ÖHO,Sultanbeyli
346,2092,45,0.022,346,132B,AKFIRAT EVLERİ - KARTAL METRO,İETT,Tuzla
347,20169,2210,0.11,347,132K,YENİŞEHİR - KARTAL,İETT,Pendik
348,12333,581,0.047,348,132T,TEPEÖREN - KARTAL METRO,İETT,Tuzla
349,12521,1137,0.091,349,132Z,SULTANBEYLİ UZUNDERE - KARTAL,İETT,Sultanbeyli
353,20360,1874,0.092,353,22,İSTİNYE DEREİÇİ - KABATAŞ,ÖHO,Sarıyer
354,23497,1739,0.074,354,25A,RUMELİKAVAĞI - HACIOSMAN METRO,İETT,Sarıyer
355,6155,607,0.099,355,25G,SARIYER - TAKSİM,İETT,Sarıyer
356,23888,3048,0.128,356,27E,ŞİRİNTEPE - KABATAŞ,KARMA,Kağıthane
357,12716,1028,0.081,357,28T,TOPKAPI - BEŞİKTAŞ,KARMA,Fatih
358,29945,3756,0.125,358,29D,FERAHEVLER - KABATAŞ,OAŞ,Sarıyer
359,5222,235,0.045,359,303B,MARMARA CEZAEVİ - OTOGAR,ÖHO,Silivri
360,5829,448,0.077,360,135G,TOKATKÖY - ÇAVUŞBAŞI,KARMA,Beykoz
361,22050,1236,0.056,361,136,DEĞİRMENDERE - SULTANİYE,ÖHO,Beykoz
362,8589,640,0.075,362,EL2,EMİRGAN - 4.LEVENT METRO,İETT,Sarıyer
363,3328,290,0.087,363,ER2,KADIKÖY - ERENKÖY,İETT,Kadıköy
364,3490,244,0.07,364,FB1,KADIKÖY - FENERBAHÇE,OAŞ,Kadıköy
365,5031,527,0.105,365,HT13,YENİ MAHALLE METRO - ZEYTİNBURNU,İETT,Bağcılar
366,28852,4077,0.141,366,HT20,ŞAHİNTEPE İGTOT - YENİBOSNA METRO,OAŞ,Başakşehir
367,4618,242,0.052,367,KM10,AYDINLI TOKİ / İÇMELER - PENDİK METRO/YHT - KARTAL,İETT,Tuzla
368,18532,1559,0.084,368,KM26,ÇAMLIK MAHALLESİ - PENDİK METRO/ YHT / PENDİK,İETT,Pendik
369,31626,4124,0.13,369,KM29,YENİŞEHİR/MARMARA Ü. HAST. - KARTAL METRO/CEVİZLİ,İETT,Pendik
370,52317,4654,0.089,370,11H,ORTAÇEŞME - ÜMRANİYE,ÖHO,Beykoz
371,4581,186,0.041,371,11K,KAZIM KARABEKİR MAHALLESİ - ÜMRANİYE METRO,İETT,Ümraniye
372,4419,285,0.064,372,11M,EVTAŞ BLOKLARI - BULGURLU METRO,OAŞ,Ümraniye
374,6951,491,0.071,374,11P,EMEK MAHALLESİ - ÜSKÜDAR,İETT,Sancaktepe
375,7669,765,0.1,375,11ST,DUMLUPINAR - ÜMRANIYE METRO,KARMA,Ümraniye
376,11231,614,0.055,376,11T,ACARLAR SİTESİ - HAREM,İETT,Ataşehir
377,13860,1466,0.106,377,11,YENİDOĞAN - ALTUNİZADE METROBÜS,İETT,Sancaktepe
378,9401,559,0.059,378,122M,ŞAHİNBEY - MECİDİYEKÖY,İETT,Çekmeköy
379,4280,268,0.063,379,122V,VEYSEL KARANİ - 4.LEVENT METRO,İETT,Sancaktepe
380,10966,1423,0.13,380,129T,BOSTANCI - TAKSİM,KARMA,Kadıköy
382,5825,451,0.077,382,131B,MİMAR SİNAN MAHALLESİ - ÜMRANİYE,İETT,Sultanbeyli
383,28877,3511,0.122,383,131Y,ÇEKMEKÖY/SAMANDIRA-KARTAL,İETT,Çekmeköy
384,14963,1138,0.076,384,132A,ÇAMLIK MAHALLESİ - KARTAL,İETT,Pendik
385,35639,3246,0.091,385,132C,SULTANBEYLİ GÖLET - KARTAL,ÖHO,Sultanbeyli
386,2787,106,0.038,386,132E,EMİRLİ / KURNAKÖY - KARTAL,İETT,Pendik
387,1225,68,0.056,387,132N,ÖZYEĞİN ÜNİ./NİŞANTEPE/BÜYÜKBAKKALKÖY-KARTAL,İETT,Çekmeköy
388,49778,4306,0.087,388,132S,YENİDOĞAN - KARTAL,İETT,Sancaktepe
389,53570,5818,0.109,389,132V,YENİDOĞAN / SULTANBEYLİ DEVLET HAST. - PENDİK YHT,KARMA,Sancaktepe
390,4125,275,0.067,390,133A,AYDINLI BAHÇELER - KARTAL,İETT,Tuzla
391,5378,396,0.074,391,133GP,GÖÇBEYLİ - KARTAL,İETT,Pendik
392,8581,325,0.038,392,133N,MALTEPE ÜNİVERSİTESİ - MALTEPE METRO / KARTAL,İETT,Maltepe
393,8093,1015,0.125,393,133TM,AYDINLI TOKİ/MİMARSİNAN MAHALLESİ - TUZLA,İETT,Tuzla
394,3862,382,0.099,394,134UK,UĞURMUMCU - KARTAL,ÖHO,Kartal
395,11874,1047,0.088,395,135,POYRAZKÖY - SULTANİYE,İETT,Beykoz
396,1151,108,0.094,396,13AB,KISIKLI - ATAŞEHİR / BOSTANCI,İETT,Kadıköy
397,8754,585,0.067,397,13H,EVTAŞ BLOKLARI - ÜMRANİYE METRO / Ü.EĞT.ARŞ.HASTANESİ,İETT,Ümraniye
398,49635,4282,0.086,398,13,ATAŞEHİR / ÇAKMAK MAHALLESİ - KADIKÖY,ÖHO,Ataşehir
399,31332,3375,0.108,399,141M,K.S.S. HASTANESİ - MECİDİYEKÖY,KARMA,Küçükçekmece
400,48292,6107,0.126,400,142,BOĞAZKÖY - AVCILAR METROBÜS,İETT,Başakşehir
401,13464,1490,0.111,401,58A,POLİGON MAHALLESİ- KABATAŞ,KARMA,Sarıyer
402,1985,71,0.036,402,59K,KARAYOLLARI / ETİLER - ŞİŞLİ,İETT,Sarıyer
403,31181,4081,0.131,403,63,KAĞITHANE / ÇELİKTEPE - KABATAŞ,KARMA,Kağıthane
404,3557,217,0.061,404,AVR3K,AVRUPA3 DEPAR / KAĞITHANE,İETT,Kağıthane
405,14375,1140,0.079,405,66,GÜLBAĞ - EMİNÖNÜ,ÖHO,Şişli
406,21829,1960,0.09,406,70FE,FERİKÖY - EMİNÖNÜ,ÖHO,Şişli
408,21776,1693,0.078,408,73,YENİBOSNA METRO- TAKSİM,ÖHO,Bakırköy
409,6707,1163,0.173,409,76B,AVCILAR CİHANGİR MAHALLESİ - AVCILAR METROBÜS,KARMA,Avcılar
410,35698,4265,0.119,410,76O,AVCILAR CİHANGİR MAHALLESİ - OTOGAR,KARMA,Avcılar
411,18650,1311,0.07,411,77A,VEZNECİLER-ŞİŞLİ,ÖHO,Fatih
412,7683,684,0.089,412,78B,FENERTEPE PERON/BAŞAKŞEHİR - YENİBOSNA METRO,İETT,Başakşehir
413,18289,2432,0.133,413,79E,KAYABAŞI KİPTAŞ / KAYAŞEHİR - EMİNÖNÜ,İETT,Başakşehir
414,7131,1032,0.145,414,79T,KAYABAŞI KİPTAŞ - TAKSİM,İETT,Başakşehir
416,19586,918,0.047,416,KM33,PENDİK SAHİL/ YHT - ESENKENT METRO,İETT,Pendik
417,15411,2570,0.167,417,MK11,OLİMPİYATKÖY METRO - KAYAŞEHİR - GÜVERCİNTEPE,İETT,Başakşehir
418,17066,2596,0.152,418,MK15,BOĞAZKÖY / BAHÇEŞEHİR - OLİMPİYATKÖY METRO,İETT,Başakşehir
421,7526,1142,0.152,421,142ES,İ.Ü.CERRAHPAŞA KAMPÜS - AVCILAR METROBÜS,İETT,Büyükçekmece
422,16391,1941,0.118,422,36TC,TAŞOLUK PERON- CEBECİ,İETT,Arnavutköy
423,28450,2687,0.094,423,89K,K.S.S. HASTANESİ - AKSARAY,KARMA,Küçükçekmece
424,17993,1501,0.083,424,KM42,BAŞIBÜYÜK - SÜREYYAPAŞA HASTANESİ/ MALTEPE,İETT,Maltepe
425,1693,111,0.066,425,10G,ÜMRANİYE / ESATPAŞA -  KADIKÖY,İETT,Ümraniye
426,6256,462,0.074,426,59CH,ARNAVUTKÖY - MECİDİYEKÖY,İETT,Beşiktaş
427,8000,756,0.094,427,134CK,ŞEYHLİ MEZARLIK/CEZAEVİ - KARTAL,ÖHO,Pendik
428,5014,430,0.086,428,33Y,GİYİMKENT / YÜZYIL MAHALLESİ - EMİNÖNÜ,KARMA,Esenler
429,2498,79,0.032,429,29P,POLİGON MAHALLESİ - ZİNCİRLİKUYU METROBÜS,İETT,Sarıyer
430,1881,333,0.177,430,29M2,HACIOSMAN METRO - İSTİNYE / FERAHEVLER,İETT,Sarıyer
431,3563,232,0.065,431,9T,ŞAHİNBEY - ALTUNİZADE METROBÜS,İETT,Çekmeköy
432,18791,2760,0.147,432,145,İHLAS MARMARA EVLERİ - KÜÇÜKÇEKMECE MARMARAY,İETT,Beylikdüzü
433,22352,1766,0.079,433,E-3,SABİHA GÖKÇEN HAVALİMANI - 4.LEVENT METRO,ÖHO,Pendik
434,21254,2763,0.13,434,98H,METROKENT - BAKIRKÖY,OAŞ,Başakşehir
435,11038,1241,0.112,435,144M,DELİKLİKAYA-MAHMUTBEY METRO,İETT,Arnavutköy
436,34265,3689,0.108,436,38B,SULTANGAZİ PERON-VEZNECİLER,KARMA,Sultangazi
437,22929,2571,0.112,437,15ÇK,GÜZELTEPE - KADIKÖY,KARMA,Üsküdar
438,3323,443,0.133,438,47E,BİNEVLER - EMİNÖNÜ,KARMA,Eyüpsultan
439,12,7,0.583,439,22B,BEBEK - KABATAŞ,ÖHO,Beşiktaş
440,6567,304,0.046,440,ÇM42,ŞAHİNBEY - ÇEKMEKÖY METRO/ EMEK MAH.,İETT,Çekmeköy
441,3491,140,0.04,441,KM71,YENİDOĞAN PERONLAR/ ADİL MAH. - CEVİZLİ,İETT,Sancaktepe
442,7626,737,0.097,442,41SM,YENİ AYAZAĞA MEZARLIĞI- 4.LEVENT METRO,İETT,Sarıyer
443,4126,236,0.057,443,64Ç,EMNİYETTEPE/ÇELİKTEPE-ŞİŞLİ,İETT,Kağıthane
444,4782,371,0.078,444,48K,KEMERBURGAZ - AĞAÇLI KÖYÜ,İETT,Eyüpsultan
445,36413,3976,0.109,445,KM24,KAVAKPINAR - PENDİK METRO/YHT/PENDİK,İETT,Pendik
446,11786,1594,0.135,446,76TM,TEPEKENT - HARAMİDERE,İETT,Büyükçekmece
448,70212,9962,0.142,448,19S,YENİDOĞAN / SARIGAZİ - KADIKÖY,KARMA,Sancaktepe
449,4657,714,0.153,449,HT48,AREL ÜNİVERSİTESİ -TEPEKENT - AVCILAR METROBÜS,İETT,Büyükçekmece
450,4020,273,0.068,450,AND1A,ANADOLU1 / ANADOLU,İETT,Ataşehir
453,2557,283,0.111,453,135T,ARKBOYU - TOKATKÖY,İETT,Beykoz
455,12061,911,0.076,455,15TK,TOKATKÖY-KADIKÖY,ÖHO,Beykoz
456,4431,234,0.053,456,132YB,YENİDOĞAN - MARMARA ÜNİVERSİTESİ BAŞIBÜYÜK KAMPÜSÜ,İETT,Sancaktepe
459,15944,3565,0.224,459,T2,TAKSİM - TÜNEL,ELEKTRİKLİ,Beyoğlu
460,2491,421,0.169,460,ES4,ESENYURT KİPTAŞ 4. ETAP-HARAMİDERE,İETT,Esenyurt
461,7509,695,0.093,461,H-1,MAHMUTBEY METRO - İSTANBUL HAVALİMANI,İETT,Bağcılar
464,13003,721,0.055,464,121B,KAVACIK - MECİDİYEKÖY,KARMA,Beykoz
465,6263,462,0.074,465,139A,ÜSKÜDAR - ŞİLE / AĞVA,ÖHO,Üsküdar
466,5536,382,0.069,466,136Z,ALİ BAHADIR / ZERZEVAT - SULTANİYE,ÖHO,Beykoz
467,3639,240,0.066,467,70KE,KURTULUŞ - EMİNÖNÜ,KARMA,Şişli
471,239,69,0.289,471,R3,ALİBEYKÖY METRO - EYÜPSULTAN,İETT,Eyüpsultan
473,37302,4511,0.121,473,31,KUYUMCUKENT - YENİKAPI,KARMA,Bahçelievler
475,4947,383,0.077,475,9H,CUMHURİYETKÖY / HÜSEYİNLİ - ÇEKMEKÖY,İETT,Çekmeköy
476,20091,1250,0.062,476,12,KADIKÖY - ÜSKÜDAR,ÖHO,Kadıköy
477,1395,65,0.047,477,14E,KAZIM KARABEKİR - KADIKÖY,İETT,Ümraniye
478,2592,316,0.122,478,11E,ESATPAŞA - ÜSKÜDAR,İETT,Ataşehir
479,20232,2711,0.134,479,16S,S. G. HAVALİMANI - UZUNÇAYIR METROBÜS/HAREM PERONLAR,İETT,Pendik
480,12582,1649,0.131,480,14YK,YENİDOĞAN / ŞİLE YOLU - AYRILIKÇEŞME,İETT,Sancaktepe
481,15042,2813,0.187,481,79FY,FENERTEPE-YENİBOSNA METRO,İETT,Başakşehir
482,1862,76,0.041,482,70FY,FERİKÖY - YENİKAPI,İETT,Şişli
483,28846,3169,0.11,483,36L,MESCİD-İ SELAM - 4.LEVENT METRO,ÖHO,Sultangazi
484,1999,346,0.173,484,ES2,TÜYAP / KIRAÇ - AKÇABURGAZ,İETT,Büyükçekmece
485,7503,1013,0.135,485,36CB,CEBECİ KÖYÜ - HABİPLER,İETT,Sultangazi
486,7884,932,0.118,486,29E,MASLAK GAZETECİLER SİTESİ - BEŞİKTAŞ,İETT,Sarıyer
487,4718,350,0.074,487,15CA,BÜYÜK ÇAMLICA CAMİİ / BULGURLU METRO - GÖZTEPE KÖPRÜSÜ,İETT,Üsküdar
488,4568,411,0.09,488,132SB,SULTANBEYLİ DEVLET HAST.- MARMARA ÜNİV. BAŞIBÜYÜK KAMPÜSÜ,İETT,Sultanbeyli
489,41575,4089,0.098,489,MR40,K.S.S. HASTANESİ - ATAKENT - HALKALI MARMARAY,OAŞ,Küçükçekmece
490,9122,1109,0.122,490,MR51,İ.Ü. CERRAHPAŞA KAMPÜSÜ/BAHÇEŞEHİR - HALKALI MARMARAY,İETT,Büyükçekmece
491,13209,1229,0.093,491,MR50,HALKALI MARMARAY - ŞEHİR HASTANESİ,İETT,Başakşehir
492,1812,154,0.085,492,MR60,PENDİK/PENDİK YHT-SABİHA GÖKÇEN HAVALİMANI,OAŞ,Pendik
493,8977,1068,0.119,493,97E,MAHMUTBEY - KAZLIÇEŞME,İETT,Bağcılar
494,994,114,0.115,494,73F,FLORYA - TAKSİM,İETT,Bakırköy
495,13085,1280,0.098,495,139T,TEPEÜSTÜ - ŞİLE,ÖHO,Ümraniye
496,16446,1940,0.118,496,78E,FENERTEPE PERON/BAŞAKŞEHİR - KAYABAŞI KİPTAŞ,İETT,Başakşehir
497,7936,640,0.081,497,KM72,PENDİK/PENDİK METRO/ YHT - SULTANBEYLİ DEVLET HAST.,İETT,Sultanbeyli
498,28435,2100,0.074,498,70KY,KURTULUŞ - YENİKAPI,ÖHO,Şişli
499,3749,219,0.058,499,HM4,LEVENT BASIN SİTESİ - ŞİŞLİ,İETT,Beşiktaş
500,2290,183,0.08,500,55ET,GAZİOSMANPAŞA - BEŞİKTAŞ,İETT,Gaziosmanpaşa
501,23137,2157,0.093,501,559C,RUMELİ HİSARÜSTÜ - TAKSİM,ÖHO,Sarıyer
502,6841,390,0.057,502,57UL,BEŞİKTAŞ - KURUÇEŞMEÜSTÜ,İETT,Beşiktaş
503,12585,1407,0.112,503,59A,İSTİNYE DEREİÇİ - ŞİŞLİ,İETT,Sarıyer
504,7436,606,0.081,504,153,BAHÇEKÖY - SARIYER,OAŞ,Sarıyer
505,70194,10019,0.143,505,142F,YEŞİLKENT - AVCILAR METROBÜS,İETT,Avcılar
506,5788,284,0.049,506,12C,ÜSKÜDAR DEVLET HASTANESİ - ÜSKÜDAR,İETT,Üsküdar
508,6568,471,0.072,508,36,YENİ MAHALLE METRO - AKSARAY RİNG,KARMA,Gaziosmanpaşa
509,15709,1360,0.087,509,33,GİYİMKENT / TURGUTREİS - EMİNÖNÜ,İETT,Esenler
510,13803,1853,0.134,510,32T,CEVATPAŞA - TAKSİM,İETT,Bayrampaşa
511,11700,924,0.079,511,28,TOPKAPI / EDİRNEKAPI - BEŞİKTAŞ,KARMA,Fatih
512,4721,844,0.179,512,38G,G.O.P. DEVLET HASTANESİ - MECİDİYEKÖY,İETT,Gaziosmanpaşa
513,10254,1028,0.1,513,37M,ÇIRÇIR METRO - MECİDİYEKÖY,İETT,Eyüpsultan
514,18297,1521,0.083,514,46T,ÇAĞLAYAN - TOPKAPI,ÖHO,Kağıthane
515,23229,1763,0.076,515,98B,KUYUMCUKENT - BAKIRKÖY,KARMA,Bahçelievler
516,3504,257,0.073,516,33ES,GİYİMKENT - EMİNÖNÜ,İETT,Esenler
517,3472,241,0.069,517,GZ1,KADIKÖY - GÖZTEPE,İETT,Kadıköy
519,25764,2662,0.103,519,DT1,ORTAKÖY - TAKSİM,KARMA,Beşiktaş
520,30576,3021,0.099,520,98S,K.S.S. HASTANESİ - BAKIRKÖY,KARMA,Küçükçekmece
521,19722,4506,0.228,521,98,FENERTEPE/BAŞAKŞEHİR - BAKIRKÖY,ÖHO,Başakşehir
522,32934,3042,0.092,522,97M,15 TEMMUZ MAHALLESİ - MECİDİYEKÖY,KARMA,Bağcılar
523,82637,7676,0.093,523,97,15 TEMMUZ MAHALLESİ - AKSARAY,ÖHO,Bağcılar
524,20027,2396,0.12,524,144A,DELİKLİKAYA - AVCILAR METROBÜS,İETT,Arnavutköy
525,13003,1174,0.09,525,ÇM44,ÖZYEĞİN ÜNİ./NİŞANTEPE-ÇEKMEKÖY METRO/PROF. DR. FERİHA ÖZ HAST.,İETT,Çekmeköy
527,14134,1295,0.092,527,93,ZEYTİNBURNU - EMİNÖNÜ,KARMA,Zeytinburnu
528,17752,3661,0.206,528,78F,FENERTEPE - BAŞAKŞEHİR - METROKENT,İETT,Başakşehir
529,2369,140,0.059,529,133Ü,GAZİ BULVARI/ ORHANLI - PENDİK METRO/YHT/PENDİK,İETT,Tuzla
530,2026,110,0.054,530,KM15,YENİŞEHİR-PENDİK METRO,İETT,Pendik
531,35274,1384,0.039,531,KM34,KARTAL METRO-TOPSELVİ/GÜLSUYU METRO,İETT,Kartal
532,14431,1852,0.128,532,MK19,AYAZMA SİTELERİ-ARENAPARK,İETT,Başakşehir
533,42180,6219,0.147,533,132P,VEYSEL KARANİ / SULTANBEYLİ - KARTAL,ÖHO,Sancaktepe
538,13341,1045,0.078,538,14S,SULTANBEYLİ - KOZYATAĞI METRO,İETT,Sultanbeyli
540,1262,39,0.031,540,48S,SADABAT EVLERİ - ŞİŞLİ,İETT,Kağıthane
542,4750,226,0.048,542,7,TOPAĞACI MAHALLESİ / ÜMRANİYE - RASATHANE,İETT,Ümraniye
543,72101,5728,0.079,543,12A,KADIKÖY - ÜSKÜDAR,ÖHO,Kadıköy
544,2101,104,0.05,544,BM4,KAVAKLI - HARAMİDERE METROBÜS,İETT,Beylikdüzü
545,13346,1006,0.075,545,18A,SULTANBEYLİ - ACIBADEM METRO/HAREM,İETT,Sultanbeyli
546,28049,2949,0.105,546,10A,ESATPAŞA - YEDİTEPE ÜNİVERSİTESİ / FERHATPAŞA,İETT,Ataşehir
548,65471,7007,0.107,548,KM11,AYDINLI TOKİ / A.YESEVİ - PENDİK KÖPRÜSÜ,KARMA,Tuzla
549,14899,1497,0.1,549,KM31,UĞURMUMCU - KARTAL,İETT,Kartal
551,14945,1112,0.074,551,121BS,SULTANİYE / SOĞUKSU MAHALLESİ - MECİDİYEKÖY,İETT,Beykoz
552,8662,594,0.069,552,131H,HİLAL KONUTLARI - TEPEÜSTÜ,İETT,Pendik
553,3540,188,0.053,553,59RH,RUMELİ HİSARÜSTÜ - HACIOSMAN METRO,İETT,Sarıyer
554,9372,497,0.053,554,31K,KUYUMCUKENT-ŞİRİNEVLER,KARMA,Bahçelievler
555,2482,311,0.125,555,49A,AKŞEMSETTİN - ŞİŞLİ,İETT,Eyüpsultan
556,13878,1713,0.123,556,98G,GİYİMKENT / TURGUTREİS - BAKIRKÖY,İETT,Esenler
557,40669,3543,0.087,557,42HM,BAHÇEKÖY - HACIOSMAN METRO,OAŞ,Sarıyer
558,2549,319,0.125,558,36S,HABİPLER - YENİMAHALLE METRO,İETT,Sultangazi
559,71146,8741,0.123,559,130Ş,ŞİFA MAHALLESİ - KADIKÖY,ÖHO,Çayırova
562,2159,150,0.069,562,13Y,ÇAKMAK MAHALLESİ / YENİSAHRA - KADIKÖY,İETT,Ümraniye
563,27301,1893,0.069,563,65G,KAĞITHANE / GÜLTEPE - ŞİŞLİ,KARMA,Kağıthane
564,8820,781,0.089,564,62G,EMNİYETTEPE /  HAMİDİYE - BEŞİKTAŞ,İETT,Eyüpsultan
565,31909,2122,0.067,565,121A,BEYKOZ - MECİDİYEKÖY,ÖHO,Beykoz
566,18096,1747,0.097,566,54K,HASKÖY - KULAKSIZ - TAKSİM,KARMA,Beyoğlu
567,6611,537,0.081,567,73B,FLORYA - BAKIRKÖY,İETT,Bakırköy
569,16905,943,0.056,569,15SK,SULTANMURAT - KADIKÖY,İETT,Üsküdar
570,9286,603,0.065,570,130E,TUZLA / EVORA KONUTLARI - KARTAL METRO / CEVİZLİ,İETT,Tuzla
571,35620,3203,0.09,571,KM41,MARMARA ÜNİVERSİTESİ-KÜÇÜKYALI METRO-BAŞIBÜYÜK SAĞLIK KAMPÜSÜ,İETT,Maltepe
572,57610,6391,0.111,572,15BK,DERESEKİ / BEYKOZ - KADIKÖY,KARMA,Beykoz
573,65176,5712,0.088,573,10,Ü.EĞT.ARŞ.HASTANESİ - ATAŞEHİR / BOSTANCI,ÖHO,Ümraniye
574,18451,1543,0.084,574,134,VIAPORT / HİLAL KONUTLARI - KARTAL,ÖHO,Pendik
576,1428,179,0.125,576,39Y,YEŞİLPINAR - VEZNECİLER,KARMA,Eyüpsultan
577,6838,864,0.126,577,15M,KAVACIK YENİ CAMİ - ÜSKÜDAR,İETT,Beykoz
578,2025,243,0.12,578,142E,ESENYURT KİPTAŞ 4. ETAP - AKSARAY,İETT,Esenyurt
579,1437,126,0.088,579,130T,AYDINLI TOKİ KONUTLARI - TUZLA,İETT,Tuzla
580,36899,2456,0.067,580,35C,KOCAMUSTAFAPAŞA - TAKSİM,KARMA,Fatih
581,11208,1170,0.104,581,59RK,RUMELİ HİSARÜSTÜ - SARITEPE KAMPÜSÜ,İETT,Sarıyer
582,11871,2118,0.178,582,78G,FENERTEPE PERON/BAŞAKŞEHİR - KAYAŞEHİR,İETT,Başakşehir
584,2823,598,0.212,584,144B,DELİKLİKAYA - YEŞİLBAYIR KÖYÜ - SU ÜRÜNLERİ HALİ,İETT,Arnavutköy
585,35852,3773,0.105,585,HT1,K.S.S. HASTANESİ - ÜÇYÜZLÜ METRO,KARMA,Küçükçekmece
586,10200,700,0.069,586,15H,HEKİMBAŞI - ÜSKÜDAR,İETT,Beykoz
587,11652,804,0.069,587,18V,VEYSEL KARANİ / SAMANDIRA - KADIKÖY,İETT,Sancaktepe
588,11803,1670,0.141,588,25Y,HACIOSMAN METRO - YENİ UYUM SİTESİ,İETT,Sarıyer
589,16351,1550,0.095,589,133K,KURTKÖY SANAYİ MAHALLESİ / KAVAKPINAR - KARTAL,İETT,Pendik
590,18385,2206,0.12,590,133Ş,ÇAĞDAŞKENT/ ŞEKERPINAR MAH. - KARTAL,İETT,Çayırova
591,37151,2284,0.061,591,KM43,ZÜMRÜTEVLER - MALTEPE METRO,İETT,Maltepe
594,1793,71,0.04,594,KM14,AHMET YESEVİ - TAVŞANTEPE METRO/ YENİŞEHİR,İETT,Tuzla
596,1437,41,0.029,596,42,BAHÇEKÖY / FERAHEVLER - ZİNCİRLİKUYU METROBÜS,İETT,Sarıyer
598,19915,2341,0.118,598,MK22,TAŞOLUK PERON - ŞEHİR HASTANESİ,İETT,Arnavutköy
599,1435,80,0.056,599,8K,TEPEÜSTÜ - ATAŞEHİR / KOZYATAĞI METRO,İETT,Ümraniye
600,45381,4752,0.105,600,92Ş,YENİ MAHALLE METRO - MECİDİYEKÖY,KARMA,Bağcılar
601,21445,2167,0.101,601,18D,SULTANBEYLİ - KADIKÖY,ÖHO,Sultanbeyli
603,24838,3677,0.148,603,KM13,TUZLA - PENDİK METRO/ YHT / PENDİK,KARMA,Tuzla
605,1573,150,0.095,605,19FS,FERHATPAŞA - SOYAK YENİŞEHİR,İETT,Ataşehir
606,3087,217,0.07,606,139S,NECİP FAZIL METRO-SOFULAR KÖYÜ,İETT,Ümraniye
607,6170,430,0.07,607,48G,GÖKTÜRK- MESCİDİ SELAM,İETT,Eyüpsultan
608,1,0,0.0,608,35A,KOCAMUSTAFAPAŞA - AKSARAY,KARMA,Fatih
609,19002,1988,0.105,609,47L,BİNEVLER -  HACIOSMAN METRO,İETT,Eyüpsultan
610,2325,312,0.134,610,336Y,CEBECİ - YENİKAPI MARMARAY,İETT,Sultangazi
614,10349,1014,0.098,614,38,SULTANGAZİ PERON-AKSARAY,KARMA,Sultangazi
615,4305,203,0.047,615,122ÇK,ŞAHİNBEY - KAVACIK,İETT,Çekmeköy
616,2694,159,0.059,616,62H,EMNİYETTEPE - HACIOSMAN METRO,İETT,Eyüpsultan
617,32594,3721,0.114,617,15C,BÜYÜK ÇAMLICA CAMİİ/FERAH MAHALLESİ - ÜSKÜDAR,KARMA,Üsküdar
618,12481,1621,0.13,618,144K,ÖMERLİ KİPTAŞ-ESENKENT,İETT,Arnavutköy
619,6965,1078,0.155,619,79GE,GÜVERCİNTEPE/FENERTEPE-EMİNÖNÜ,İETT,Başakşehir
620,5091,763,0.15,620,146F,ŞEHİR HASTANESİ/ ESENKENT - ESENYURT DEVLET HASTANESİ,İETT,Başakşehir
621,2701,357,0.132,621,38H,ZÜBEYDE HANIM MAHALLESİ - HABİBLER,İETT,Sultangazi
625,9290,2282,0.246,625,HA-1,ÇARŞI-AKÇAKOCA-İTFAİYE,ELEKTRİKLİ,ADALAR
626,22481,2222,0.099,626,MK97,ÇAVUŞPAŞA-ZEYTİNBURNU,İETT,Bahçelievler
627,8870,528,0.06,627,15S,SULTANMURAT - ÜSKÜDAR,İETT,Üsküdar
629,11258,677,0.06,629,20,ORTAÇEŞME / KAVACIK - Ü.EĞT.ARŞ.HASTANESİ,İETT,Beykoz
630,31340,2204,0.07,630,134YK,UĞURMUMCU - YAKACIK - KARTAL,ÖHO,Kartal
631,13475,1570,0.117,631,43R,RUMELİ HİSARÜSTÜ - KABATAŞ,KARMA,Sarıyer
632,20036,1696,0.085,632,92B,YENİ MAHALLE METRO / ATEŞTUĞLA - AKSARAY,ÖHO,Bağcılar
633,2185,77,0.035,633,H-8,HACIOSMAN METRO-İSTANBUL HAVALİMANI,İETT,Sarıyer
634,2472,124,0.05,634,55V,GAZİOSMANPAŞA - VEZNECİLER,İETT,Gaziosmanpaşa
635,489,29,0.059,635,THSS_2,TAHSİS SARIGAZİ,TAHSİS,Sancaktepe
637,2493,200,0.08,637,139D,NECİP FAZIL METRO-DARLIK,İETT,Ümraniye
638,14520,1213,0.084,638,15K,KİRAZLITEPE - ÜSKÜDAR,KARMA,Üsküdar
641,24202,5219,0.216,641,BA-4,ÇINAR-KUMSAL-MADEN,ELEKTRİKLİ,ADALAR
642,8001,1141,0.143,642,142T,TÜYAP METROBÜS-K.S.S HASTANESİ,İETT,Büyükçekmece
647,13793,1009,0.073,647,MK49,SULTANGAZİ PERON - KAZIM KARABEKİR METRO,İETT,Sultangazi
650,7810,659,0.084,650,76BA,BÜYÜKÇEKMECE - AVCILAR METROBÜS,İETT,Büyükçekmece
651,12942,1031,0.08,651,46Ç,KAĞITHANE - EMİNÖNÜ,ÖHO,Kağıthane
652,29468,3743,0.127,652,41E,AYAZAĞA - KABATAŞ,KARMA,Sarıyer
653,29122,1940,0.067,653,133F,ACARLAR SİTESİ - MALTEPE / CEVİZLİ PERONLAR,KARMA,Ataşehir
655,12983,1458,0.112,655,18M,SULTANBEYLİ MİMARSİNAN - UZUNÇAYIR METROBÜS/HAREM,İETT,Sultanbeyli
657,2300,342,0.149,657,15KB,KAVACIK - KOZYATAĞI METRO,İETT,Beykoz
658,1396,55,0.039,658,5,VALİEVLERİ - ÜSKÜDAR,İETT,Üsküdar
659,2138,151,0.071,659,38T,YENİ MAHALLE METRO - HARBİYE,KARMA,Gaziosmanpaşa
660,2804,168,0.06,660,131K,YEŞİLTEPE / ŞAHİNBEY - KARTAL,İETT,Çekmeköy
661,3590,298,0.083,661,74A,GAYRETTEPE - EMİNÖNÜ,ÖHO,Beşiktaş
664,51986,4417,0.085,664,458,GÜRPINAR - AVCILAR METROBÜS,ÖHO,Beylikdüzü
666,5122,256,0.05,666,39D,YEŞİLPINAR - YENİKAPI,İETT,Eyüpsultan
667,29345,1290,0.044,667,15F,BEYKOZ - KADIKÖY,KARMA,Beykoz
675,31365,2774,0.088,675,136B,TÜRK ALMAN ÜNİVERSİTESİ - KAVACIK/HEKİMBAŞI,ÖHO,Beykoz
676,2509,194,0.077,676,39A,AKŞEMSETTİN - VEZNECİLER,İETT,Eyüpsultan
677,15692,2619,0.167,677,HT19,İ.Ü.CERRAHPAŞA KAMPÜSÜ - TÜYAP METROBÜS,İETT,Büyükçekmece
678,6195,411,0.066,678,76GM,GÜRPINAR-BEYKENT METROBÜS,İETT,Beylikdüzü
679,54248,4225,0.078,679,8A,BATI ATAŞEHİR / FİKİRTEPE - KADIKÖY,KARMA,Ataşehir
680,9854,738,0.075,680,90B,DRAMAN - AKSARAY,İETT,Fatih
682,9032,878,0.097,682,146B,METROKENT-EMİNÖNÜ,KARMA,Başakşehir
683,70087,4281,0.061,683,448,GÜZELCE - HARAMİDERE,ÖHO,Büyükçekmece
684,63469,20785,0.327,684,BA-2,ÇARŞI-LUNAPARK,ELEKTRİKLİ,ADALAR
685,5182,430,0.083,685,133M,TUZLA ORGANİZE SANAYİ - KAFKALE TUZLA SAHİL,İETT,Tuzla
686,32581,2870,0.088,686,14KS,SULTANBEYLİ GÖLET - KOZYATAĞI METRO,KARMA,Sultanbeyli
687,11357,2941,0.259,687,BU-1,ÇARŞI-KALPAZANKAYA,ELEKTRİKLİ,ADALAR
688,25307,3564,0.141,688,HS2,AVCILAR METROBÜS - ŞEHİR HASTANESİ,İETT,Başakşehir
689,92538,4749,0.051,689,303A,SİLİVRİ - AVCILAR METROBÜS,ÖHO,Silivri
690,26056,4435,0.17,690,MK13,ŞAHİNTEPE İGTOT - OLİMPİYATKÖY METRO,İETT,Başakşehir
691,1979,287,0.145,691,MR42,HALKALI MARMARAY / İNÖNÜ MAH. - SEFAKÖY METROBÜS,İETT,Küçükçekmece
692,1353,117,0.086,692,82S,YENİBOSNA METRO - İKİTELLİ OSB/ METROKENT,İETT,Başakşehir
693,6005,326,0.054,693,KM18,SABANCI ÜNİ./MEDENİYET ÜNİ. - KURTKÖY METRO,İETT,Pendik
697,15194,1971,0.13,697,54ÖR,ÖRNEKTEPE - TAKSİM,KARMA,Kağıthane
698,1796,197,0.11,698,54T,SADABAT EVLERİ / TALATPAŞA - TAKSİM,İETT,Kağıthane
699,2572,113,0.044,699,48C,KEMERBURGAZ - ÇİFTALAN KÖYÜ,İETT,Eyüpsultan
702,3719,254,0.068,702,139,ÜSKÜDAR - ŞİLE,ÖHO,Üsküdar
703,10603,873,0.082,703,13M,ŞERİFALİ - ÜSKÜDAR,İETT,Ümraniye
704,9213,1301,0.141,704,142A,BOĞAZKÖY - AVCILAR METROBÜS,İETT,Başakşehir
705,47933,8506,0.177,705,146T,BOĞAZKÖY / BAHÇEŞEHİR - YENİKAPI,KARMA,Başakşehir
706,58049,6184,0.107,706,14BK,ÇEKMEKÖY/PARSELLER MAH-KADIKÖY,KARMA,Ümraniye
712,173763,22633,0.13,712,34C,BEYLİKDÜZÜ-CEVİZLİBAĞ,METROBÜS,Fatih
713,531145,50957,0.096,713,34G,BEYLİKDÜZÜ-SÖĞÜTLÜÇEŞME,METROBÜS,Fatih
714,57857,6312,0.109,714,34Z,ZİNCİRLİKUYU-SÖĞÜTLÜÇEŞME,METROBÜS,Fatih
716,587898,67462,0.115,716,34BZ,BEYLİKDÜZÜ - ZİNCİRLİKUYU,METROBÜS,Fatih
717,659943,68943,0.104,717,34AS,AVCILAR - SÖĞÜTLÜÇEŞME,METROBÜS,Fatih
729,1071,229,0.214,729,34A,CEVİZLİBAĞ - SÖĞÜTLÜÇEŞME,METROBÜS,Fatih
730,3237,707,0.218,730,34B,BEYLİKDÜZÜ-AVCILAR,METROBÜS,Fatih
733,4404,735,0.167,733,34,AVCILAR-ZİNCİRLİKUYU,METROBÜS,Fatih
736,3580,189,0.053,736,73Y,KUYUMCUKENT - YEŞİLKÖY / AKVARYUM,İETT,Bakırköy
738,43593,4357,0.1,738,14ES,ESENŞEHİR - KADIKÖY,KARMA,Sancaktepe
739,3637,191,0.053,739,14T,ATATÜRK MAH./ TAŞDELEN - KOZYATAĞI METRO,İETT,Çekmeköy
740,42956,4883,0.114,740,14ŞB,ŞAHİNBEY - KADIKÖY,ÖHO,Çekmeköy
743,5060,275,0.054,743,97KZ,KOCASİNAN - ZEYTİNBURNU,İETT,Bahçelievler
744,8191,475,0.058,744,13B,YENİŞEHİR - KADIKÖY,İETT,Ümraniye
745,31825,3417,0.107,745,19E,YENİDOĞAN/ ATAŞEHİR - KOZYATAĞI METRO,KARMA,Sancaktepe
746,8207,593,0.072,746,AVR2,AVRUPA 2 DEPAR / TOPKAPI,İETT,Fatih
748,235,47,0.2,748,300,SİLİVRİ-TÜYAP,İETT,Büyükçekmece
749,18178,2226,0.122,749,11A,ÖZYEĞİN ÜNİVERSİTESİ / ALEMDAĞ - ALTUNİZADE METROBÜS,İETT,Çekmeköy
750,2326,224,0.096,750,11ES,ESENEVLER - ACIBADEM METROBÜS / ÜSKÜDAR,İETT,Ümraniye
751,16305,1673,0.103,751,32M,CEVATPAŞA - MECİDİYEKÖY,İETT,Bayrampaşa
752,16903,2721,0.161,752,36T,CEBECİ - TAKSİM,KARMA,Sultangazi
753,2428,294,0.121,753,36Y,TAŞOLUK PERON - MAHMUTBEY METRO,İETT,Arnavutköy
754,6874,607,0.088,754,38Z,ZÜBEYDE HANIM MAHALLESİ - AKSARAY,İETT,Sultangazi
756,36002,4149,0.115,756,401T,AREL ÜNİVERSİTESİ -TEPEKENT - HARAMİDERE,ÖHO,Büyükçekmece
757,20785,2317,0.111,757,40B,SARIYER - BEŞİKTAŞ,KARMA,Sarıyer
758,10978,899,0.082,758,41A,AYAZAĞA - 4. LEVENT METRO,İETT,Sarıyer
759,2785,64,0.023,759,41,SİNPAŞ SİTESİ - 4.LEVENT METRO,İETT,Sarıyer
760,22870,2273,0.099,760,42T,BAHÇEKÖY - BALTALİMANI,ÖHO,Sarıyer
761,3311,396,0.12,761,46KT,KUŞTEPE - ŞİŞLİ,İETT,Şişli
762,1292,146,0.113,762,33E,ÇİFTE DUTLAR - EMİNÖNÜ,İETT,Esenler
763,4669,556,0.119,763,59HS,HACIOSMAN METRO - SARITEPE KAMPÜSÜ,İETT,Sarıyer
764,1652,162,0.098,764,H-2,MECİDİYEKÖY - İSTANBUL HAVALİMANI,İETT,Şişli
765,6039,483,0.08,765,KM17,TUZLA EMLAK KONUTLARI-TAVŞANTEPE METRO,İETT,Tuzla
766,23230,2300,0.099,766,29Ş,İSTİNYE DEREİÇİ - ŞİŞLİ,OAŞ,Sarıyer
767,1844,114,0.062,767,AND2S,ANADOLU2 DEPAR / SARIGAZİ,İETT,Sancaktepe
768,12731,1486,0.117,768,36AY,ARNAVUTKÖY - YENİBOSNA METRO,İETT,Arnavutköy
769,4220,378,0.09,769,36CY,CEBECİ - YENİBOSNA METRO,İETT,Sultangazi
770,23192,2125,0.092,770,36ES,SULTANGAZİ PERON - AKSARAY,ÖHO,Sultangazi
771,14312,1367,0.096,771,48A,GÖKTÜRK - KAZLIÇEŞME,İETT,Eyüpsultan
772,8691,589,0.068,772,48H,HAMİDİYE MAHALLESİ - ŞİŞLİ,ÖHO,Kağıthane
773,9998,959,0.096,773,49G,SULTANGAZİ PERON - KÜÇÜKKÖY - ŞİŞLİ,KARMA,Sultangazi
774,17,12,0.706,774,500L,CEVİZLİBAĞ - 4.LEVENT METRO,ÖHO,Zeytinburnu
775,7822,872,0.111,775,54E,OKMEYDANI - EMİNÖNÜ,ÖHO,Şişli
776,13526,1033,0.076,776,54Ç,ÇIKSALIN - TAKSİM,KARMA,Beyoğlu
777,8417,1233,0.146,777,55B,GAZİOSMANPAŞA - BEŞİKTAŞ,İETT,Gaziosmanpaşa
778,13703,1335,0.097,778,88A,SULTANGAZİ PERON-YENİKAPI,KARMA,Sultangazi
779,11857,1528,0.129,779,89M,MEHMET AKİF MAHALLESİ - ZEYTİNBURNU,İETT,Küçükçekmece
780,27816,1580,0.057,780,91E,GÖZTEPE MAHALLESİ - AKSARAY,ÖHO,Bağcılar
781,5840,671,0.115,781,92,YENİ MAHALLE METRO - EMİNÖNÜ,KARMA,Bağcılar
782,26252,2247,0.086,782,93T,ZEYTİNBURNU - TAKSİM,KARMA,Zeytinburnu
783,1,1,1.0,783,94,İBNİ SİNA İLKOKULU - ZEYTİNBURNU,İETT,Bakırköy
785,3588,596,0.166,785,89BS,BEZİRGANBAHÇE TOKİ-SEFAKÖY METROBÜS,İETT,Küçükçekmece
786,8799,809,0.092,786,131Ü,SULTANBEYLİ ORMAN CADDESİ - ÜMRANİYE,İETT,Sultanbeyli
787,13887,936,0.067,787,522B,YENİDOĞAN - MECİDİYEKÖY MEZARLIK,ÖHO,Sancaktepe
788,10532,487,0.046,788,AND2Y,ANADOLU2 DEPAR / YUNUS,İETT,Kartal
790,1656,87,0.053,790,38KT,KARADENİZ MAHALLESİ - TAKSİM,İETT,Gaziosmanpaşa
791,2623,267,0.102,791,336A,BALABAN KÖYÜ - MESCİDİ SELAM,ÖHO,Arnavutköy
792,40940,3693,0.09,792,55T,GAZİOSMANPAŞA - TAKSİM,KARMA,Gaziosmanpaşa
793,6934,771,0.111,793,98M,İSTOÇ - BAKIRKÖY,İETT,Bağcılar
794,6579,930,0.141,794,98T,K.S.S. HASTANESİ/ATAKENT-BAKIRKÖY,İETT,Küçükçekmece
797,1242,57,0.046,797,49K,BİNEVLER - ŞİŞLİ,İETT,Eyüpsultan
798,7236,904,0.125,798,9K,ATATÜRK MAH./ TAŞDELEN - KADIKÖY,İETT,Çekmeköy
799,324,24,0.074,799,D2,BEŞİKTAŞ - BELGRAD ORMANI,İETT,Beşiktaş
800,6351,379,0.06,800,E-57,ESENKENT BAHÇEŞEHİR - BAKIRKÖY,ÖÇK,Esenyurt
801,1832,178,0.097,801,54HŞ,HASKÖY - ŞİŞLİ,İETT,Beyoğlu
802,5518,467,0.085,802,MR9,ATATÜRK MAH. / ÇAMLIK - AYRILIKÇEŞME,İETT,Çekmeköy
803,4915,229,0.047,803,132H,PENDİK/PENDİK YHT - SABİHA GÖKÇEN HAVALİMANI,İETT,Pendik
804,10494,857,0.082,804,92M,BAĞCILAR DEVLET HASTANESİ - MECİDİYEKÖY,İETT,Bağcılar
805,12730,1451,0.114,805,142K,ESENYURT KİPTAŞ 4.ETAP - AVCILAR METROBÜS,İETT,Esenyurt
806,16303,1536,0.094,806,KM12,TUZLA DENİZ HARP OKULU - KARTAL METRO,İETT,Tuzla
807,24933,2117,0.085,807,150,HACIOSMAN METRO - RUMELİFENERİ,İETT,Sarıyer
810,31802,2772,0.087,810,99A,GAZİOSMANPAŞA - EMİNÖNÜ,KARMA,Gaziosmanpaşa
811,3321,127,0.038,811,320Y,YENİDOĞAN - KOZYATAĞI METRO,İETT,Sancaktepe
813,3841,334,0.087,813,130H,DENİZ HARP OKULU - SABİHA GÖKÇEN HAVALİMANI,İETT,Tuzla
814,10949,813,0.074,814,KM45,MARMARA ÜNİVERSİTESİ / KÜÇÜKYALI METRO - MİMAR SİNAN ÖĞRENCİ YURDU,İETT,Maltepe
816,2031,215,0.106,816,29T,TARABYAÜSTÜ / DARÜŞŞAFAKA - İSTİNYE,İETT,Sarıyer
818,22615,1781,0.079,818,25E,SARIYER - BALTALİMANI,ÖHO,Sarıyer
819,24301,943,0.039,819,15P,SOĞUKSU MAHALLESİ - ÜSKÜDAR,KARMA,Beykoz
820,2281,234,0.103,820,36AS,TAŞOLUK PERON - SEFAKÖY METROBÜS,İETT,Arnavutköy
822,1874,156,0.083,822,29M1,HACIOSMAN METRO - FERAHEVLER / İSTİNYE,İETT,Sarıyer
823,6625,617,0.093,823,11SA,UĞUR MUMCU / SAMANDIRA - YENİDOĞAN PERONLAR,İETT,Sancaktepe
825,19980,2049,0.103,825,14ÇK,ŞAHİNBEY - KADIKÖY,İETT,Çekmeköy
826,18321,1363,0.074,826,48,GÖKTÜRK - MECİDİYEKÖY,İETT,Eyüpsultan
827,11908,949,0.08,827,72T,YEŞİLKÖY - TAKSİM,ÖHO,Bakırköy
828,5794,503,0.087,828,92C,HAZNEDAR - EMİNÖNÜ,İETT,Güngören
829,7354,845,0.115,829,122D,ATATÜRK MAHALLESİ - MECİDİYEKÖY,İETT,Çekmeköy
830,27108,2991,0.11,830,336H,HADIMKÖY - MESCİDİ SELAM,İETT,Arnavutköy
831,15018,1918,0.128,831,KM27,YENİŞEHİR - PENDİK METRO/ YHT / PENDİK,İETT,Pendik
832,5049,355,0.07,832,ÇM41,ÇEKMEKÖY-NECİP FAZIL METRO,İETT,Çekmeköy
833,7134,653,0.092,833,133T,DENİZ HARP OKULU-MALTEPE PERONLAR,İETT,Tuzla
834,1178,168,0.143,834,76A,KİPTAŞ VADİTEPE - YENİKAPI,İETT,Avcılar
835,2836,152,0.054,835,132YM,YEŞİLTEPE-MARMARA EĞİTİM KÖYÜ,İETT,Çekmeköy
836,5090,499,0.098,836,KM28,OKAN ÜNİVERSİTESİ - KURTKÖY  METRO,İETT,Tuzla
837,48666,4116,0.085,837,16F,FINDIKLI MAHALLESİ - HAREM,KARMA,Maltepe
839,20751,1244,0.06,839,17S,UĞURMUMCU - BOSTANCI,İETT,Kartal
840,63369,5717,0.09,840,18K,SULTANBEYLİ - KADIKÖY,İETT,Sultanbeyli
841,92156,9118,0.099,841,19F,YEDİTEPE ÜNİV. / FINDIKLI MAHALLESİ - KADIKÖY,KARMA,Maltepe
842,6175,396,0.064,842,1,KİRAZLITEPE - ACIBADEM - KADIKÖY,İETT,Üsküdar
844,16224,2143,0.132,844,251,PENDİK - MECİDİYEKÖY,ÖÇK,Pendik
845,8850,554,0.063,845,25,HACIOSMAN METRO - HAVANTEPE,İETT,Sarıyer
846,4933,460,0.093,846,26,DİKİLİTAŞ - EMİNÖNÜ,İETT,Beşiktaş
847,12782,1345,0.105,847,29B,FATİH SULTAN MEHMET - 4.LEVENT METRO,İETT,Sarıyer
848,6645,459,0.069,848,29,İSTİNYE DEREİÇİ - ZİNCİRLİKUYU METROBÜS,İETT,Sarıyer
849,17923,1420,0.079,849,30D,ORTAKÖY DEREBOYU - YENİKAPI,ÖHO,Beşiktaş
850,45465,5674,0.125,850,133P,TEPEÖREN - TUZLA,ÖHO,Tuzla
851,4557,480,0.105,851,135A,ACARKENT / GÖRELE MAHALLESİ - KAVACIK,İETT,Beykoz
852,2,2,1.0,852,145M,BEYKENT - TAKSİM,ÖÇK,Beylikdüzü
853,3900,195,0.05,853,14CE,ÇEKMEKÖY - KADIKÖY,İETT,Çekmeköy
854,35047,3263,0.093,854,14,YENİDOĞAN/ ÜMRANİYE - KADIKÖY,OAŞ,Sancaktepe
855,70064,5291,0.076,855,15B,TOPAĞACI MAHALLESİ / GÜZELTEPE - ÜSKÜDAR,KARMA,Ümraniye
856,8485,808,0.095,856,15N,ARKBOYU - ÜSKÜDAR,İETT,Beykoz
857,10693,596,0.056,857,15U,TUFAN - ÜSKÜDAR,İETT,Üsküdar
858,5393,339,0.063,858,18Y,YENİDOĞAN / SAMANDIRA - ÜSKÜDAR,İETT,Sancaktepe
859,9280,757,0.082,859,19Y,FERHATPAŞA - KADIKÖY,KARMA,Ataşehir
860,7797,712,0.091,860,KM37,HİLAL KONUTLARI-PENDİK METRO/YHT/PENDİK,İETT,Pendik
861,29216,2832,0.097,861,MK42,15 TEMMUZ MAHALLESİ - KİRAZLI METRO,İETT,Bağcılar
862,26016,417,0.016,862,SG-2,TAKSİM - SABİHA GÖKÇEN HAVALİMANI,ÖHO,Pendik
864,2034,158,0.078,864,25S1,HACIOSMAN METRO-SARIYER,İETT,Sarıyer
865,5601,864,0.154,865,76V,KİPTAŞ VADİTEPE - BAKIRKÖY,İETT,Başakşehir
866,1611,57,0.035,866,UM11,KİRAZLITEPE-KISIKLI METRO-ESATPAŞA,İETT,Üsküdar
867,5971,285,0.048,867,11BE,BURHANİYE MAHALLESİ - ÜSKÜDAR,İETT,Üsküdar
868,9587,1124,0.117,868,37T,ÇIRÇIR METRO - TAKSİM,KARMA,Eyüpsultan
870,78857,4554,0.058,870,400A,BEYKENT - HARAMİDERE,ÖHO,Beylikdüzü
871,31827,3111,0.098,871,41AT,AYAZAĞA - DAVUTPAŞA Y.T.Ü,KARMA,Sarıyer
873,3767,263,0.07,873,42K,SARIYER - KAZIM KARABEKİR,İETT,Sarıyer
875,9002,855,0.095,875,36KE,YENİ MAHALLE METRO - EMİNÖNÜ,KARMA,Gaziosmanpaşa
876,20273,1731,0.085,876,48L,GÖKTÜRK - 4.LEVENT METRO,İETT,Eyüpsultan
878,53208,4839,0.091,878,522ST,SULTANBEYLİ - MECİDİYEKÖY,ÖHO,Sultanbeyli
879,23691,2446,0.103,879,54HT,HASKÖY - TAKSİM,ÖHO,Beyoğlu
880,2689,45,0.017,880,55Y,KAĞITHANE GARAJI - YENİBOSNA METRO,İETT,Kağıthane
881,1907,137,0.072,881,MR61,GÜZELYALI-TUZLA DEVLET HASTANESİ,İETT,Tuzla
882,6721,303,0.045,882,15TA,TÜRK ALMAN ÜNİVERSİTESİ-KAVACIK,KARMA,Beykoz
883,1327,173,0.13,883,97BT,KOCASİNAN İTFAİYE-TAKSİM,İETT,Bağcılar
886,1437,59,0.041,886,15YK,YENİMAHALLE - KADIKÖY,İETT,Beykoz
887,15797,1292,0.082,887,15ŞN,ŞENEVLER - ÜSKÜDAR,KARMA,Beykoz
888,32756,5238,0.16,888,336,ARNAVUTKÖY - EMİNÖNÜ,İETT,Arnavutköy
889,29673,3203,0.108,889,320,FERHATPAŞA - ÜMRANİYE METRO/ÇAMLICA CAMİİ,ÖHO,Ataşehir
890,5418,559,0.103,890,29GM,MASLAK GAZETECİLER SİTESİ - 4.LEVENT METRO,İETT,Sarıyer
891,38933,3120,0.08,891,KM23,KAVAKPINAR / MARMARA HST. - KARTAL METRO / CEVİZLİ,İETT,Pendik
892,7878,703,0.089,892,18YS,YENİDOĞAN-SULTANBEYLİ,İETT,Sultanbeyli
893,5464,654,0.12,893,98TB,FATİH MAHALLESİ - BAKIRKÖY,İETT,Küçükçekmece
895,14192,1313,0.093,895,KM47,GÜLENSU MAHALLESİ-HUZUREVİ METRO,İETT,Maltepe
896,6910,870,0.126,896,146A,ESENKENT - BİRLİK MAHALLESİ,İETT,Esenyurt
897,4012,1289,0.321,897,KA-2,TEKİNAY-PLAJLAR-BÜYÜK TUR,ELEKTRİKLİ,ADALAR
898,47143,2659,0.056,898,20Ü,ÜMRANİYE TEPEÜSTÜ - KADIKÖY,ÖHO,Ümraniye
899,18818,871,0.046,899,KM35,UĞURMUMCU-CEVİZLİ,İETT,Kartal
901,5594,201,0.036,901,48U,KENT ORMAN - KEMERBURGAZ,İETT,Eyüpsultan
902,17399,1470,0.084,902,131V,VEYSEL KARANİ - YAKACIK / KARTAL,İETT,Sancaktepe
904,1771,147,0.083,904,AND2K,ANADOLU2 DEPAR/ KURTKÖY,İETT,Pendik
905,23719,10617,0.448,905,BU-7,BURGAZADA TAKSİ,ELEKTRİKLİ,ADALAR
906,21523,9615,0.447,906,KA-7,KINALIADA TAKSİ,ELEKTRİKLİ,ADALAR
907,25390,2865,0.113,907,50G,GÖKTÜRK - TAKSİM,İETT,Eyüpsultan
908,25799,2890,0.112,908,ARN1,BOĞAZKÖY - ARNAVUTKÖY,İETT,Arnavutköy
909,24590,3123,0.127,909,50B,ALİBEYKÖY - BAKIRKÖY,KARMA,Eyüpsultan
910,31255,2015,0.064,910,50E,ALİBEYKÖY - EMİNÖNÜ,KARMA,Eyüpsultan
911,21354,1203,0.056,911,50S,ALİBEYKÖY - ŞİŞLİ,KARMA,Eyüpsultan
912,17934,2455,0.137,912,50V,ALİBEYKÖY - VEZNECİLER,KARMA,Eyüpsultan
913,23278,1652,0.071,913,50Y,ALİBEYKÖY - YENİKAPI,KARMA,Eyüpsultan
914,11278,670,0.059,914,50C,ALİBEYKÖY - ŞİŞLİ,KARMA,Eyüpsultan
915,23150,1841,0.08,915,50L,ALİBEYKÖY - BEŞİKTAŞ,KARMA,Eyüpsultan
916,14171,1752,0.124,916,32,CEVATPAŞA - EMİNÖNÜ,İETT,Bayrampaşa
917,15204,1051,0.069,917,TM2,HAMİDİYE - GÜZELTEPE - ALİBEYKÖY,KARMA,Kağıthane
918,4890,704,0.144,918,MR52,SÖĞÜTLÜÇEŞME - HALKALI MARMARAY - ŞEHİR HASTANESİ,İETT,Küçükçekmece
920,14793,1307,0.088,920,11Y,YAVUZTÜRK MAHALLESİ - ÜSKÜDAR,KARMA,Üsküdar
921,7830,598,0.076,921,10EK,ESATPAŞA / ATAŞEHİR - KOZYATAĞI METRO,KARMA,Ataşehir
923,66,61,0.924,923,130ŞT,ŞİFA MAHALLESİ - TAVŞANTEPE METRO,ÖHO,Tuzla
925,3211,457,0.142,925,144,BOĞAZKÖY/BAHÇEKENT-HARAMİDERE,İETT,Başakşehir
926,91782,9278,0.101,926,401,ÇATALCA - AVCILAR METROBÜS,KARMA,Çatalca
927,9316,383,0.041,927,TM5,ALİBEYKÖY - 5.LEVENT,İETT,Eyüpsultan
928,27704,3051,0.11,928,36Z,CEBECİ-ZİNCİRLİKUYU,İETT,Sultangazi
929,3381,254,0.075,929,BM5,SAHİL MAH./ KAVAKLI - HARAMİDERE,İETT,Beylikdüzü
930,1707,132,0.077,930,300B,SİLİVRİ BÜYÜKÇAVUŞLU-TÜYAP,ÖHO,Silivri
931,7561,266,0.035,931,300C,SİLİVRİ ÇANTA/SANCAKTEPE-TÜYAP,ÖHO,Silivri
932,1717,76,0.044,932,300S,MARMARA CEZAEVİ-TÜYAP,ÖHO,Silivri
933,7360,528,0.072,933,13FY,BATI ATAŞEHİR / FİNANS MERKEZİ - MEVLANA METRO / FERHATPAŞA,KARMA,Ataşehir
934,6677,540,0.081,934,130A,DENİZ HARP OKULU - KADIKÖY,KARMA,Tuzla
936,48352,4624,0.096,936,76D,BAHÇEŞEHİR / ESENKENT - TAKSİM,ÖÇK,Başakşehir
937,27130,1988,0.073,937,16YK,Y.TEPE ÜNİV. / FINDIKLI MAHALLESİ - KOZYATAĞI METRO,İETT,Maltepe
940,131998,61378,0.465,940,BA-7,BÜYÜKADA TAKSİ,ELEKTRİKLİ,ADALAR
941,41890,19027,0.454,941,HA-7,HEYBELİADA TAKSİ,ELEKTRİKLİ,ADALAR
942,2926,148,0.051,942,SB,AHMET YESEVİ MAH. - MEHMET AKİF ERSOY MAH.,İETT,Sultanbeyli
944,33380,4165,0.125,944,TM10,YEŞİLPINAR - ALİBEYKÖY,KARMA,Eyüpsultan
945,15867,969,0.061,945,TM11,YEŞİLPINAR - ALİBEYKÖY,KARMA,Eyüpsultan
946,16165,2540,0.157,946,TM12,KARADOLAP - ALİBEYKÖY,KARMA,Eyüpsultan
947,8442,1106,0.131,947,36G,SULTANGAZİ PERON-BEŞİKTAŞ,İETT,Sultangazi
950,3108,407,0.131,950,54KT,KAPTANPAŞA - DOLAPDERE / TAKSİM,İETT,Beyoğlu
951,21907,3214,0.147,951,98AB,ATAKENT/HALKALI - BAKIRKÖY,KARMA,Küçükçekmece
952,5595,320,0.057,952,AVR3,AVRUPA3 DEPAR,İETT,Şişli
953,29785,3497,0.117,953,AVR1,AVRUPA 1 DEPAR / İKİTELLİ,İETT,Fatih
954,2105,101,0.048,954,300M,SİLİVRİ MİMARSİNAN/KAVAKLI-TÜYAP,ÖHO,Silivri
955,15812,962,0.061,955,50N,ALİBEYKÖY - TAKSİM,KARMA,Eyüpsultan
956,17458,1465,0.084,956,50T,ALİBEYKÖY - TAKSİM,KARMA,Eyüpsultan
957,13220,1455,0.11,957,TM4,GÖKTÜRK- ALİBEYKÖY,KARMA,Kağıthane
958,8583,358,0.042,958,TM7,ÇIRÇIR METRO - ALİBEYKÖY,KARMA,Eyüpsultan
959,9538,445,0.047,959,MK50,SULTANGAZİ PERON-KAZIM KARABEKİR METRO,İETT,Sultangazi
960,7478,352,0.047,960,KM46,BATI ATAŞEHİR - KOZYATAĞI METRO,İETT,Ataşehir
963,2037,237,0.116,963,UM36,ESENEVLER - BULGURLU METRO,İETT,Ümraniye
964,20653,1424,0.069,964,TM3,HAMİDİYE - KAĞITHANE - ALİBEYKÖY,KARMA,Kağıthane
965,3315,284,0.086,965,78K,FENERTEPE PERON/BAŞAKŞEHIR-K.S.S. HASTANESİ,İETT,Başakşehir
966,2711,498,0.184,966,E-56,ISPARTAKULE - TAKSİM,ÖÇK,Başakşehir
969,23139,1033,0.045,969,73H,CERRAHPAŞA MURAT DİLMENER HASTANESİ - YENİBOSNA METRO,İETT,Bakırköy
970,1982,471,0.238,970,KA-1,ÇARŞI-NARÇİÇEĞİ,ELEKTRİKLİ,ADALAR
971,6841,325,0.048,971,U1,BEŞİKTAŞ-ULUS,ÖHO,Beşiktaş
974,11490,837,0.073,974,KM36,KURFALI MAHALLESİ-CEVİZLİ,İETT,Kartal
976,11319,1476,0.13,976,79KT,KAYABAŞI KİPTAŞ - TEKSTİLKENT METRO,İETT,Başakşehir
980,1908,72,0.038,980,11CÜ,BURHANİYE MAHALLESİ - ÜMRANİYE METRO/RİNG,İETT,Üsküdar
981,14734,2657,0.18,981,BA-5,ÇARŞI-NİZAM,ELEKTRİKLİ,ADALAR
984,22051,1317,0.06,984,14DK,İNKILAP MAHALLESİ - LİBADİYE CADDESİ / KADIKÖY,ÖHO,Ümraniye
986,3012,214,0.071,986,14TM,TEPEÜSTÜ-MALTEPE METRO/CEVİZLİ PERONLAR,İETT,Ümraniye
987,6767,723,0.107,987,18UK,UZUNDERE-KOZYATAĞI,İETT,Sultanbeyli
991,43554,5529,0.127,991,20K,KAZIM KARABEKİR - KADIKÖY,ÖHO,Ümraniye
993,1795,104,0.058,993,92K,YENİ MAHALLE METRO / KİRAZLI - AKSARAY,İETT,Bağcılar
994,7892,403,0.051,994,16M,ACARLAR SİTESİ / ATAŞEHİR - ÜSKÜDAR,İETT,Ataşehir
996,3074,83,0.027,996,THSS_1,TAHSİS ANADOLU,TAHSİS,Ataşehir
997,275,3,0.011,997,THSS_3,TAHSİS ŞAHİNKAYA,TAHSİS,Beykoz
998,3,0,0.0,998,THSS_4,TAHSİS HASANPAŞA,TAHSİS,Kadıköy
999,28172,2927,0.104,999,80T,KAZLIÇEŞME - TAKSİM,İETT,Zeytinburnu
1000,5968,614,0.103,1000,MK2,OLİMPİYATKÖY METRO - ŞEHİR HASTANESİ,İETT,Başakşehir
1001,16191,3841,0.237,1001,BA-1,ÇARŞI-TEPEKÖY-KADIYORAN,ELEKTRİKLİ,ADALAR
1003,15600,1512,0.097,1003,HS1,YENİBOSNA METRO - ŞEHİR HASTANESİ,İETT,Başakşehir
1005,14235,2160,0.152,1005,89F,KÜÇÜKÇEKMECE-İSTOÇ,İETT,Küçükçekmece
1006,9384,915,0.098,1006,141K,K.S.S. HASTANESİ - MAHMUTBEY METRO,İETT,Küçükçekmece
1007,29842,3406,0.114,1007,336G,TAŞOLUK PERON - TEKSTİLKENT METRO,İETT,Arnavutköy
1008,1028,173,0.168,1008,146K,FENERTEPE PERON - BİRLİK MAHALLESİ,İETT,Başakşehir
1012,48943,5701,0.116,1012,19EK,YENİDOĞAN/ ATAŞEHİR - KADIKÖY,KARMA,Sancaktepe
1013,9659,773,0.08,1013,18F,VEYSEL KARANİ / FATİH MAH. - KADIKÖY,İETT,Sancaktepe
1017,70423,8198,0.116,1017,11ÜS,SULTANBEYLİ - ÜSKÜDAR,KARMA,Sultanbeyli
1018,46192,5889,0.127,1018,31Y,TOKİ AYAZMA - YENİKAPI,ÖHO,Başakşehir
1019,3513,212,0.06,1019,94A,BAKIRKÖY - AKSARAY,ÖHO,Bakırköy
1020,60033,7689,0.128,1020,14R,RASATHANE - KADIKÖY,KARMA,Beykoz
1021,13687,1175,0.086,1021,H-6,YUNUS EMRE MAHALLESİ-İSTANBUL HAVALİMANI,İETT,Sultangazi
1022,5308,639,0.12,1022,98E,GÜNEŞLİ BASIN TESİSLERİ - BAKIRKÖY,İETT,Bağcılar
1023,3852,272,0.071,1023,71T,ATAKÖY - TAKSİM,ÖHO,Bakırköy
1024,634,26,0.041,1024,THSS_6,TAHSİS YUNUS,TAHSİS,Kartal
1025,2580,265,0.103,1025,THSS12,TAHSİS İKİTELLİ,TAHSİS,Küçükçekmece
1026,7,4,0.571,1026,THSS10,TAHSİS EDİRNEKAPI,TAHSİS,Eyüpsultan
1027,1185,94,0.079,1027,THSS11,TAHSİS TOPKAPI,TAHSİS,Fatih
1028,1903,99,0.052,1028,THSS_7,TAHSİS KAĞITHANE,TAHSİS,Kağıthane
1029,1137,115,0.101,1029,THSS_8,TAHSİS SULTANGAZİ,TAHSİS,Sarıyer
1031,2053,215,0.105,1031,54P,PİYALEPAŞA MAHALLESİ - TAKSİM,İETT,Beyoğlu
1032,4390,256,0.058,1032,48D,GÖKTÜRK - HACIOSMAN METRO,İETT,Eyüpsultan
1033,614,16,0.026,1033,98K,YENİ MAHALLE METRO / KİRAZLI - BAKIRKÖY,İETT,Bağcılar
1035,8739,388,0.044,1035,KM48,ESENKENT-HUZUREVİ METRO,İETT,Maltepe
1036,4998,1092,0.218,1036,HA-2,ÇARŞI-ÇAM LİMANI,ELEKTRİKLİ,ADALAR
1038,1581,294,0.186,1038,HA-3,ÇARŞI-DEĞİRMENBURNU-KÜÇÜKTUR,ELEKTRİKLİ,ADALAR
1040,2785,312,0.112,1040,MK53,SULTANGAZİ PERON-TEKSTİLKENT METRO,İETT,Sultangazi
1041,112,9,0.08,1041,KRB3,PENDİK YHT - KURNAKÖY KURBAN PAZARI,İETT,Pendik
1042,105385,14227,0.135,1042,429A,KIRAÇ - AVCILAR METROBÜS,ÖHO,Esenyurt
1043,1795,280,0.156,1043,144H,HEYBETLİ SOK./DELİKLİKAYA - HARAMİDERE,İETT,Arnavutköy
1045,2480,174,0.07,1045,TM6,MEVLANA - ALİBEYKÖY,İETT,Gaziosmanpaşa
1046,11031,604,0.055,1046,TM1,EMNİYETTEPE - ALİBEYKÖY,İETT,Eyüpsultan
1048,16595,1618,0.097,1048,E-59,BOĞAZKÖY / BAHÇEŞEHİR - TAKSİM,ÖÇK,Başakşehir
1049,3237,444,0.137,1049,91M,FATİH MAHALLESİ YANYOL- MECİDİYEKÖY METROBÜS,İETT,Bağcılar
1050,38012,4311,0.113,1050,133AK,TEPEÖREN - KARTAL,KARMA,Tuzla
1052,939,12,0.013,1052,252,KARTAL - MECİDİYEKÖY / ŞİŞLİ,İETT,Kartal
1053,3808,375,0.098,1053,132ÇK,ÇEKMEKÖY - KARTAL,İETT,Çekmeköy
1054,5110,411,0.08,1054,132D,KURTDOĞMUŞ / BALLICA - KARTAL,İETT,Pendik
1055,2621,39,0.015,1055,132G,GÖZDAĞI - PENDİK YHT/PENDİK,İETT,Pendik
1056,3051,222,0.073,1056,58S,LEVAZIM MAHALLESİ - KABATAŞ,İETT,Beşiktaş
1057,23835,3083,0.129,1057,79K,KAYAŞEHİR - YENİBOSNA METRO,İETT,Başakşehir
1059,27891,1874,0.067,1059,89B,KÜÇÜKÇEKMECE - AKSARAY,ÖHO,Küçükçekmece
1060,11641,1603,0.138,1060,MK14,KİPTAŞ VADİTEPE - OLİMPİYATKÖY METRO,İETT,Başakşehir
1061,25212,1248,0.05,1061,50K,ALİBEYKÖY - KAZLIÇEŞME,İETT,Eyüpsultan
1062,3001,385,0.128,1062,9KS,KASABA EVLERİ/ ÖMERLİ - NECİP FAZIL METRO,İETT,Çekmeköy
1064,3290,101,0.031,1064,300D,SİLİVRİ DEĞİRMENKÖY-TÜYAP,ÖHO,Silivri
1065,50756,4363,0.086,1065,50D,AYAZAĞA - ALİBEYKÖY,KARMA,Sarıyer
1276,4340,639,0.147,1276,MR54,IGTOT-HALKALI MARMARAY,İETT,Avcılar
1535,25293,2626,0.104,1535,50P,ÇIRÇIR METRO - EMİNÖNÜ,KARMA,Eyüpsultan
1536,19656,1318,0.067,1536,50A,ALİBEYKÖY - EDİRNEKAPI METROBÜS,İETT,Eyüpsultan
1540,8417,506,0.06,1540,KM61,PAŞAKÖY / SAMANDIRA - KARTAL,İETT,Sancaktepe
1541,3157,222,0.07,1541,DS1,DUDULLU ORGANİZE SANAYİ BÖLGESİ - DUDULLU METRO,İETT,Ümraniye
1542,2977,266,0.089,1542,DS2,DUDULLU ORGANİZE SANAYİ BÖLGESİ - DUDULLU METRO,İETT,Ümraniye
1543,9757,563,0.058,1543,TM9,YENİMAHALLE - K.KARABEKİR - ALİBEYKÖY,KARMA,Gaziosmanpaşa
1544,28548,1808,0.063,1544,TM8,AKŞEMSETTİN - ALİBEYKÖY,KARMA,Eyüpsultan
1545,4663,270,0.058,1545,PD1,YENİKAPI - BEYAZIT,ÖHO,Fatih
1547,30024,2403,0.08,1547,TM17,SULTANGAZİ - GAZİ - ALİBEYKÖY,KARMA,Sultangazi
1548,11056,1046,0.095,1548,TM18,MESCİD İ SELAM - ALİBEYKÖY,KARMA,Sultangazi
1549,6371,765,0.12,1549,TM19,ZÜBEYDE HANIM - ALİBEYKÖY,KARMA,Sultangazi
1550,9592,517,0.054,1550,TM15,CEBECİ PERONLAR - ALİBEYKÖY,KARMA,Gaziosmanpaşa
1551,3550,249,0.07,1551,TM13,EYÜPSULTAN - GOP - ALİBEYKÖY,KARMA,Eyüpsultan
1552,11383,896,0.079,1552,TM16,YENİMAHALLE - GOP - ALİBEYKÖY,KARMA,Gaziosmanpaşa
1553,267,26,0.097,1553,50AB,MESCİD-İ SELAM - ALİBEYKÖY,KARMA,Sultangazi
1554,13178,1394,0.106,1554,50AC,CEBECİ - KÜÇÜKKÖY - ALİBEYKÖY,KARMA,Sultangazi
1555,7478,773,0.103,1555,50AT,CEBECİ - GAZİ - ALİBEYKÖY,KARMA,Sultangazi
1556,4516,307,0.068,1556,50F,ALİBEYKÖY - 4.LEVENT METRO,KARMA,Eyüpsultan
1557,10062,905,0.09,1557,50H,ALİBEYKÖY - HACIOSMAN METRO,KARMA,Eyüpsultan
1558,9611,501,0.052,1558,50R,ALİBEYKÖY - OTOGAR,KARMA,Eyüpsultan
1559,11001,757,0.069,1559,50Z,ALİBEYKÖY - ZİNCİRLİKUYU,KARMA,Eyüpsultan
1560,9284,1122,0.121,1560,19SK,YENIDOĞAN/SARIGAZI-KOZYATAĞI METRO,OAŞ,Sancaktepe
1563,3848,287,0.075,1563,50M,ALİBEYKÖY-MECİDİYEKÖY,KARMA,Eyüpsultan
1565,4737,199,0.042,1565,K1,KAĞITHANE-SEYRANTEPE HAMİDİYE ETFAL HASTANESİ,İETT,Kağıthane
1566,5241,335,0.064,1566,K2,KAĞITHANE-SEYRANTEPE HAMİDİYE ETFAL HASTANESİ,İETT,Kağıthane
1568,10310,1001,0.097,1568,BM6,BEYLİKDÜZÜ - HARAMİDERE,İETT,Beylikdüzü
1570,41,14,0.341,1570,YDK,FILO YEDEK,TAHSİS,Küçükçekmece
1580,1239,155,0.125,1580,13TA,IMES METRO - TATLISU - ALTINŞEHİR METRO,İETT,Ümraniye
1581,6542,566,0.087,1581,SM6,SULTANBEYLİ DEVLET HASTANESİ - SAMANDIRA MERKEZ METRO,İETT,Sultanbeyli
1583,1453,235,0.162,1583,SM3,MIMAR SINAN MAHALLESI - PROF.DR.FERIHA ÖZ HAST.,İETT,Sultanbeyli
1584,3157,388,0.123,1584,SM4,KURTKÖY METRO / HILAL KONUTLARI - SAMANDIRA MERKEZ METRO,İETT,Pendik
1585,1644,258,0.157,1585,SM9,KARTAL METRO - SAMANDIRA MERKEZ METRO,İETT,Kartal
1586,4662,378,0.081,1586,SM1,SULTANBEYLI - SAMANDIRA MERKEZ METRO,İETT,Sultanbeyli
1587,2658,198,0.074,1587,SM2,AHMET YESEVI MAHALLESI - SANCAKTEPE METRO,İETT,Sultanbeyli
1588,3777,271,0.072,1588,SM5,SULTANBEYLI ORMAN CADDESI - SAMANDIRA MERKEZ METRO,İETT,Sultanbeyli
1589,2217,157,0.071,1589,SM7,YENIDOĞAN - SAMANDIRA MERKEZ METRO,İETT,Sancaktepe
1593,2342,282,0.12,1593,SM13,YENIDOĞAN/UFUK CADDESI - SANCAKTEPE METRO,İETT,Sancaktepe
1605,1983,68,0.034,1605,BM7,HARAMİDERE - YAKUPLU - BEYLİKDÜZÜ,ÖHO,Beylikdüzü
1606,2535,99,0.039,1606,BM8,GÜRPINAR- A.KAHVECİ MAH. - CUMHURİYET MAH. METROBÜS,ÖHO,Beylikdüzü
1607,3725,98,0.026,1607,K3,KAĞITHANE GARAJI-VADİ İSTANBUL,İETT,Kağıthane
1608,3883,415,0.107,1608,HS3,SEFAKÖY METROBÜS-ŞEHİR HASTANESİ,İETT,Küçükçekmece
1610,1625,102,0.063,1610,9S,YEŞILTEPE/ÇEKMEKÖY METRO-ATATÜRK MAH.,İETT,Çekmeköy
1611,665,34,0.051,1611,SM14,AYAZMA YAŞAM VADISI-SANCAKTEPE METRO,İETT,Sancaktepe
