oncul,sonuc,support,confidence,lift,birlikte_gorulme
BASINÇLI YAĞ HATTI ARIZASI,BASINÇLI HAVA HATTI ARIZASI,0.1407,0.4756,1.494,517
BASINÇLI HAVA HATTI ARIZASI,BASINÇLI YAĞ HATTI ARIZASI,0.1407,0.4419,1.494,517
BASINÇLI MOTOR YAĞI SİSTEMİ,BASINÇLI HAVA HATTI ARIZASI,0.163,0.4604,1.446,599
BASINÇLI HAVA HATTI ARIZASI,BASINÇLI MOTOR YAĞI SİSTEMİ,0.163,0.512,1.446,599
BASINÇLI MOTOR YAĞI SİSTEMİ,BASINÇLI YAĞ HATTI ARIZASI,0.1431,0.4043,1.367,526
BASINÇLI YAĞ HATTI ARIZASI,BASINÇLI MOTOR YAĞI SİSTEMİ,0.1431,0.4839,1.367,526
KAYIŞ KASNAK ARIZALARI,BASINÇLI YAĞ HATTI ARIZASI,0.1807,0.3786,1.28,664
BASINÇLI YAĞ HATTI ARIZASI,KAYIŞ KASNAK ARIZALARI,0.1807,0.6109,1.28,664
KAYIŞ KASNAK ARIZALARI,BASINÇLI HAVA HATTI ARIZASI,0.1937,0.4059,1.275,712
BASINÇLI HAVA HATTI ARIZASI,KAYIŞ KASNAK ARIZALARI,0.1937,0.6085,1.275,712
KAYIŞ KASNAK ARIZALARI,BASINÇLI MOTOR YAĞI SİSTEMİ,0.2117,0.4436,1.253,778
BASINÇLI MOTOR YAĞI SİSTEMİ,KAYIŞ KASNAK ARIZALARI,0.2117,0.598,1.253,778
BASINÇLI HAVA DONANIMI ARIZALARI,YAKIT ve ENJEKSİYON ARIZALARI,0.4008,0.7749,1.219,1473
YAKIT ve ENJEKSİYON ARIZALARI,BASINÇLI HAVA DONANIMI ARIZALARI,0.4008,0.6306,1.219,1473
BASINÇLI HAVA HATTI ARIZASI,SÜSPANSİYON SİSTEMİ ARIZALARI,0.2686,0.8436,1.212,987
SÜSPANSİYON SİSTEMİ ARIZALARI,BASINÇLI HAVA HATTI ARIZASI,0.2686,0.386,1.212,987
OTOMATİK ŞANZIMAN ARIZALARI,BASINÇLI HAVA HATTI ARIZASI,0.2838,0.3821,1.2,1043
BASINÇLI HAVA HATTI ARIZASI,OTOMATİK ŞANZIMAN ARIZALARI,0.2838,0.8915,1.2,1043
OTOMATİK ŞANZIMAN ARIZALARI,BASINÇLI YAĞ HATTI ARIZASI,0.2629,0.3538,1.196,966
BASINÇLI YAĞ HATTI ARIZASI,OTOMATİK ŞANZIMAN ARIZALARI,0.2629,0.8887,1.196,966
BASINÇLI YAĞ HATTI ARIZASI,BASINÇLI HAVA DONANIMI ARIZALARI,0.181,0.6118,1.183,665
BASINÇLI HAVA DONANIMI ARIZALARI,BASINÇLI YAĞ HATTI ARIZASI,0.181,0.3498,1.183,665
BASINÇLI HAVA HATTI ARIZASI,ISITMA SİSTEMİ,0.2762,0.8675,1.173,1015
ISITMA SİSTEMİ,BASINÇLI HAVA HATTI ARIZASI,0.2762,0.3733,1.173,1015
BASINÇLI MOTOR YAĞI SİSTEMİ,SÜSPANSİYON SİSTEMİ ARIZALARI,0.2887,0.8155,1.172,1061
SÜSPANSİYON SİSTEMİ ARIZALARI,BASINÇLI MOTOR YAĞI SİSTEMİ,0.2887,0.4149,1.172,1061
BASINÇLI HAVA DONANIMI ARIZALARI,OTOMATİK ŞANZIMAN ARIZALARI,0.4503,0.8706,1.172,1655
OTOMATİK ŞANZIMAN ARIZALARI,BASINÇLI HAVA DONANIMI ARIZALARI,0.4503,0.6062,1.172,1655
BASINÇLI HAVA HATTI ARIZASI,BASINÇLI HAVA DONANIMI ARIZALARI,0.1929,0.606,1.171,709
BASINÇLI HAVA DONANIMI ARIZALARI,BASINÇLI HAVA HATTI ARIZASI,0.1929,0.373,1.171,709
YAKIT ve ENJEKSİYON ARIZALARI,KAYIŞ KASNAK ARIZALARI,0.3551,0.5586,1.17,1305
KAYIŞ KASNAK ARIZALARI,YAKIT ve ENJEKSİYON ARIZALARI,0.3551,0.744,1.17,1305
Destek,BASINÇLI HAVA HATTI ARIZASI,0.2912,0.3709,1.165,1070
BASINÇLI HAVA HATTI ARIZASI,Destek,0.2912,0.9145,1.165,1070
SÜSPANSİYON SİSTEMİ ARIZALARI,BASINÇLI YAĞ HATTI ARIZASI,0.2397,0.3445,1.165,881
BASINÇLI YAĞ HATTI ARIZASI,SÜSPANSİYON SİSTEMİ ARIZALARI,0.2397,0.8105,1.165,881
OTOMATİK ŞANZIMAN ARIZALARI,KAYIŞ KASNAK ARIZALARI,0.4122,0.5549,1.163,1515
KAYIŞ KASNAK ARIZALARI,OTOMATİK ŞANZIMAN ARIZALARI,0.4122,0.8637,1.163,1515
BASINÇLI MOTOR YAĞI SİSTEMİ,OTOMATİK ŞANZIMAN ARIZALARI,0.305,0.8616,1.16,1121
OTOMATİK ŞANZIMAN ARIZALARI,BASINÇLI MOTOR YAĞI SİSTEMİ,0.305,0.4106,1.16,1121
OTOMATİK ŞANZIMAN ARIZALARI,YAKIT ve ENJEKSİYON ARIZALARI,0.5453,0.7341,1.155,2004
YAKIT ve ENJEKSİYON ARIZALARI,OTOMATİK ŞANZIMAN ARIZALARI,0.5453,0.8579,1.155,2004
Destek,BASINÇLI YAĞ HATTI ARIZASI,0.268,0.3414,1.154,985
BASINÇLI YAĞ HATTI ARIZASI,Destek,0.268,0.9062,1.154,985
SÜSPANSİYON SİSTEMİ ARIZALARI,YAKIT ve ENJEKSİYON ARIZALARI,0.5023,0.7219,1.136,1846
YAKIT ve ENJEKSİYON ARIZALARI,SÜSPANSİYON SİSTEMİ ARIZALARI,0.5023,0.7902,1.136,1846
BASINÇLI MOTOR YAĞI SİSTEMİ,Destek,0.3132,0.8847,1.127,1151
Destek,BASINÇLI MOTOR YAĞI SİSTEMİ,0.3132,0.399,1.127,1151
YAKIT ve ENJEKSİYON ARIZALARI,BASINÇLI YAĞ HATTI ARIZASI,0.212,0.3335,1.127,779
BASINÇLI YAĞ HATTI ARIZASI,YAKIT ve ENJEKSİYON ARIZALARI,0.212,0.7167,1.127,779
YAKIT ve ENJEKSİYON ARIZALARI,BASINÇLI MOTOR YAĞI SİSTEMİ,0.2533,0.3985,1.126,931
BASINÇLI MOTOR YAĞI SİSTEMİ,YAKIT ve ENJEKSİYON ARIZALARI,0.2533,0.7156,1.126,931
BASINÇLI HAVA DONANIMI ARIZALARI,SÜSPANSİYON SİSTEMİ ARIZALARI,0.4046,0.7822,1.124,1487
SÜSPANSİYON SİSTEMİ ARIZALARI,BASINÇLI HAVA DONANIMI ARIZALARI,0.4046,0.5815,1.124,1487
YAKIT ve ENJEKSİYON ARIZALARI,KAMERA SİSTEMİ ARIZALARI,0.419,0.6592,1.121,1540
KAMERA SİSTEMİ ARIZALARI,YAKIT ve ENJEKSİYON ARIZALARI,0.419,0.7126,1.121,1540
BASINÇLI HAVA DONANIMI ARIZALARI,KAYIŞ KASNAK ARIZALARI,0.2759,0.5334,1.118,1014
KAYIŞ KASNAK ARIZALARI,BASINÇLI HAVA DONANIMI ARIZALARI,0.2759,0.5781,1.118,1014
KAYIŞ KASNAK ARIZALARI,SÜSPANSİYON SİSTEMİ ARIZALARI,0.3709,0.7771,1.117,1363
SÜSPANSİYON SİSTEMİ ARIZALARI,KAYIŞ KASNAK ARIZALARI,0.3709,0.533,1.117,1363
FREN ŞİKAYETLERİ,BASINÇLI HAVA HATTI ARIZASI,0.3015,0.3548,1.114,1108
BASINÇLI HAVA HATTI ARIZASI,FREN ŞİKAYETLERİ,0.3015,0.947,1.114,1108
ISITMA SİSTEMİ,BASINÇLI YAĞ HATTI ARIZASI,0.2438,0.3295,1.114,896
BASINÇLI YAĞ HATTI ARIZASI,ISITMA SİSTEMİ,0.2438,0.8243,1.114,896
AKBİL ARIZALARI,KAMERA SİSTEMİ ARIZALARI,0.4912,0.6545,1.113,1805
KAMERA SİSTEMİ ARIZALARI,AKBİL ARIZALARI,0.4912,0.8353,1.113,1805
SÜSPANSİYON SİSTEMİ ARIZALARI,OTOMATİK ŞANZIMAN ARIZALARI,0.5728,0.8232,1.108,2105
OTOMATİK ŞANZIMAN ARIZALARI,SÜSPANSİYON SİSTEMİ ARIZALARI,0.5728,0.7711,1.108,2105
Destek,SÜSPANSİYON SİSTEMİ ARIZALARI,0.6044,0.7698,1.106,2221
SÜSPANSİYON SİSTEMİ ARIZALARI,Destek,0.6044,0.8686,1.106,2221
KLİMA SİSTEMİ ARIZALARI,BASINÇLI HAVA HATTI ARIZASI,0.3045,0.3518,1.105,1119
BASINÇLI HAVA HATTI ARIZASI,KLİMA SİSTEMİ ARIZALARI,0.3045,0.9564,1.105,1119
ISITMA SİSTEMİ,BASINÇLI MOTOR YAĞI SİSTEMİ,0.2893,0.391,1.104,1063
BASINÇLI MOTOR YAĞI SİSTEMİ,ISITMA SİSTEMİ,0.2893,0.8171,1.104,1063
BASINÇLI MOTOR YAĞI SİSTEMİ,BASINÇLI HAVA DONANIMI ARIZALARI,0.2022,0.5711,1.104,743
BASINÇLI HAVA DONANIMI ARIZALARI,BASINÇLI MOTOR YAĞI SİSTEMİ,0.2022,0.3908,1.104,743
BASINÇLI HAVA DONANIMI ARIZALARI,KAMERA SİSTEMİ ARIZALARI,0.3358,0.6491,1.104,1234
KAMERA SİSTEMİ ARIZALARI,BASINÇLI HAVA DONANIMI ARIZALARI,0.3358,0.571,1.104,1234
SOĞUTMA SİSTEMİ ARIZASI,BASINÇLI YAĞ HATTI ARIZASI,0.2931,0.3248,1.098,1077
BASINÇLI YAĞ HATTI ARIZASI,SOĞUTMA SİSTEMİ ARIZASI,0.2931,0.9908,1.098,1077
KAPI ARIZALARI,BASINÇLI HAVA HATTI ARIZASI,0.3088,0.3487,1.095,1135
BASINÇLI HAVA HATTI ARIZASI,KAPI ARIZALARI,0.3088,0.9701,1.095,1135
BASINÇLI HAVA HATTI ARIZASI,LASTİK ARIZALARI,0.1478,0.4641,1.091,543
LASTİK ARIZALARI,BASINÇLI HAVA HATTI ARIZASI,0.1478,0.3472,1.091,543
KAYIŞ KASNAK ARIZALARI,ISITMA SİSTEMİ,0.3853,0.8073,1.091,1416
ISITMA SİSTEMİ,KAYIŞ KASNAK ARIZALARI,0.3853,0.5208,1.091,1416
KAYIŞ KASNAK ARIZALARI,KLİMA SİSTEMİ ARIZALARI,0.4506,0.9441,1.091,1656
KLİMA SİSTEMİ ARIZALARI,KAYIŞ KASNAK ARIZALARI,0.4506,0.5206,1.091,1656
YAKIT ve ENJEKSİYON ARIZALARI,BASINÇLI HAVA HATTI ARIZASI,0.2201,0.3463,1.088,809
BASINÇLI HAVA HATTI ARIZASI,YAKIT ve ENJEKSİYON ARIZALARI,0.2201,0.6915,1.088,809
BASINÇLI HAVA HATTI ARIZASI,SOĞUTMA SİSTEMİ ARIZASI,0.3127,0.9821,1.088,1149
SOĞUTMA SİSTEMİ ARIZASI,BASINÇLI HAVA HATTI ARIZASI,0.3127,0.3465,1.088,1149
BASINÇLI YAĞ HATTI ARIZASI,KLİMA SİSTEMİ ARIZALARI,0.2776,0.9384,1.084,1020
KLİMA SİSTEMİ ARIZALARI,BASINÇLI YAĞ HATTI ARIZASI,0.2776,0.3207,1.084,1020
MOTOR ARIZALARI,YAKIT ve ENJEKSİYON ARIZALARI,0.6161,0.6886,1.083,2264
YAKIT ve ENJEKSİYON ARIZALARI,MOTOR ARIZALARI,0.6161,0.9692,1.083,2264
KLİMA SİSTEMİ ARIZALARI,OTOMATİK ŞANZIMAN ARIZALARI,0.6966,0.8048,1.083,2560
OTOMATİK ŞANZIMAN ARIZALARI,KLİMA SİSTEMİ ARIZALARI,0.6966,0.9377,1.083,2560
BASINÇLI HAVA DONANIMI ARIZALARI,SOĞUTMA SİSTEMİ ARIZASI,0.5056,0.9774,1.083,1858
SOĞUTMA SİSTEMİ ARIZASI,BASINÇLI HAVA DONANIMI ARIZALARI,0.5056,0.5603,1.083,1858
MOTOR ARIZALARI,BASINÇLI HAVA HATTI ARIZASI,0.3083,0.3446,1.082,1133
BASINÇLI HAVA HATTI ARIZASI,MOTOR ARIZALARI,0.3083,0.9684,1.082,1133
KAYIŞ KASNAK ARIZALARI,SOĞUTMA SİSTEMİ ARIZASI,0.4659,0.9761,1.082,1712
SOĞUTMA SİSTEMİ ARIZASI,KAYIŞ KASNAK ARIZALARI,0.4659,0.5163,1.082,1712
KLİMA SİSTEMİ ARIZALARI,BASINÇLI MOTOR YAĞI SİSTEMİ,0.3312,0.3826,1.081,1217
BASINÇLI MOTOR YAĞI SİSTEMİ,KLİMA SİSTEMİ ARIZALARI,0.3312,0.9354,1.081,1217
OTOMATİK ŞANZIMAN ARIZALARI,Destek,0.6305,0.8487,1.081,2317
Destek,OTOMATİK ŞANZIMAN ARIZALARI,0.6305,0.8031,1.081,2317
BASINÇLI YAĞ HATTI ARIZASI,KAPI ARIZALARI,0.2833,0.9577,1.081,1041
KAPI ARIZALARI,BASINÇLI YAĞ HATTI ARIZASI,0.2833,0.3198,1.081,1041
BASINÇLI YAĞ HATTI ARIZASI,FREN ŞİKAYETLERİ,0.2716,0.9181,1.08,998
FREN ŞİKAYETLERİ,BASINÇLI YAĞ HATTI ARIZASI,0.2716,0.3196,1.08,998
MOTOR ARIZALARI,SÜSPANSİYON SİSTEMİ ARIZALARI,0.6724,0.7515,1.08,2471
SÜSPANSİYON SİSTEMİ ARIZALARI,MOTOR ARIZALARI,0.6724,0.9664,1.08,2471
MOTOR ARIZALARI,BASINÇLI YAĞ HATTI ARIZASI,0.2854,0.319,1.079,1049
BASINÇLI YAĞ HATTI ARIZASI,MOTOR ARIZALARI,0.2854,0.965,1.079,1049
ISITMA SİSTEMİ,SÜSPANSİYON SİSTEMİ ARIZALARI,0.5556,0.751,1.079,2042
SÜSPANSİYON SİSTEMİ ARIZALARI,ISITMA SİSTEMİ,0.5556,0.7986,1.079,2042
KAYIŞ KASNAK ARIZALARI,Destek,0.4044,0.8472,1.079,1486
Destek,KAYIŞ KASNAK ARIZALARI,0.4044,0.5151,1.079,1486
MOTOR ARIZALARI,Destek,0.7576,0.8467,1.079,2784
Destek,MOTOR ARIZALARI,0.7576,0.965,1.079,2784
OTOMATİK ŞANZIMAN ARIZALARI,ISITMA SİSTEMİ,0.5932,0.7985,1.079,2180
ISITMA SİSTEMİ,OTOMATİK ŞANZIMAN ARIZALARI,0.5932,0.8018,1.079,2180
SOĞUTMA SİSTEMİ ARIZASI,OTOMATİK ŞANZIMAN ARIZALARI,0.723,0.8013,1.079,2657
OTOMATİK ŞANZIMAN ARIZALARI,SOĞUTMA SİSTEMİ ARIZASI,0.723,0.9733,1.079,2657
BASINÇLI HAVA DONANIMI ARIZALARI,KAPI ARIZALARI,0.4939,0.9548,1.078,1815
KAPI ARIZALARI,BASINÇLI HAVA DONANIMI ARIZALARI,0.4939,0.5576,1.078,1815
YAKIT ve ENJEKSİYON ARIZALARI,SOĞUTMA SİSTEMİ ARIZASI,0.618,0.9722,1.077,2271
SOĞUTMA SİSTEMİ ARIZASI,YAKIT ve ENJEKSİYON ARIZALARI,0.618,0.6849,1.077,2271
SOĞUTMA SİSTEMİ ARIZASI,BASINÇLI MOTOR YAĞI SİSTEMİ,0.3439,0.3812,1.077,1264
BASINÇLI MOTOR YAĞI SİSTEMİ,SOĞUTMA SİSTEMİ ARIZASI,0.3439,0.9716,1.077,1264
Destek,ISITMA SİSTEMİ,0.6253,0.7965,1.077,2298
ISITMA SİSTEMİ,Destek,0.6253,0.8452,1.077,2298
YAKIT ve ENJEKSİYON ARIZALARI,KLİMA SİSTEMİ ARIZALARI,0.5921,0.9315,1.076,2176
KLİMA SİSTEMİ ARIZALARI,YAKIT ve ENJEKSİYON ARIZALARI,0.5921,0.6841,1.076,2176
KLİMA SİSTEMİ ARIZALARI,BASINÇLI HAVA DONANIMI ARIZALARI,0.4819,0.5567,1.076,1771
BASINÇLI HAVA DONANIMI ARIZALARI,KLİMA SİSTEMİ ARIZALARI,0.4819,0.9316,1.076,1771
MOTOR ARIZALARI,BASINÇLI HAVA DONANIMI ARIZALARI,0.4969,0.5554,1.074,1826
BASINÇLI HAVA DONANIMI ARIZALARI,MOTOR ARIZALARI,0.4969,0.9605,1.074,1826
BASINÇLI HAVA DONANIMI ARIZALARI,Destek,0.4362,0.8432,1.074,1603
Destek,BASINÇLI HAVA DONANIMI ARIZALARI,0.4362,0.5556,1.074,1603
FREN ŞİKAYETLERİ,BASINÇLI HAVA DONANIMI ARIZALARI,0.4721,0.5556,1.074,1735
BASINÇLI HAVA DONANIMI ARIZALARI,FREN ŞİKAYETLERİ,0.4721,0.9127,1.074,1735
KAPI ARIZALARI,BASINÇLI MOTOR YAĞI SİSTEMİ,0.3369,0.3803,1.074,1238
BASINÇLI MOTOR YAĞI SİSTEMİ,KAPI ARIZALARI,0.3369,0.9516,1.074,1238
KAMERA SİSTEMİ ARIZALARI,BASINÇLI MOTOR YAĞI SİSTEMİ,0.2234,0.3799,1.073,821
BASINÇLI MOTOR YAĞI SİSTEMİ,KAMERA SİSTEMİ ARIZALARI,0.2234,0.6311,1.073,821
KAYIŞ KASNAK ARIZALARI,MOTOR ARIZALARI,0.4582,0.9601,1.073,1684
MOTOR ARIZALARI,KAYIŞ KASNAK ARIZALARI,0.4582,0.5122,1.073,1684
SÜSPANSİYON SİSTEMİ ARIZALARI,KAMERA SİSTEMİ ARIZALARI,0.4386,0.6304,1.072,1612
KAMERA SİSTEMİ ARIZALARI,SÜSPANSİYON SİSTEMİ ARIZALARI,0.4386,0.746,1.072,1612
FREN ŞİKAYETLERİ,OTOMATİK ŞANZIMAN ARIZALARI,0.6762,0.7957,1.071,2485
OTOMATİK ŞANZIMAN ARIZALARI,FREN ŞİKAYETLERİ,0.6762,0.9103,1.071,2485
OTOMATİK ŞANZIMAN ARIZALARI,MOTOR ARIZALARI,0.7113,0.9575,1.07,2614
MOTOR ARIZALARI,OTOMATİK ŞANZIMAN ARIZALARI,0.7113,0.795,1.07,2614
KAMERA SİSTEMİ ARIZALARI,KAYIŞ KASNAK ARIZALARI,0.3004,0.5109,1.07,1104
KAYIŞ KASNAK ARIZALARI,KAMERA SİSTEMİ ARIZALARI,0.3004,0.6294,1.07,1104
YAKIT ve ENJEKSİYON ARIZALARI,KAPI ARIZALARI,0.6016,0.9465,1.069,2211
KAPI ARIZALARI,YAKIT ve ENJEKSİYON ARIZALARI,0.6016,0.6793,1.069,2211
Destek,KLİMA SİSTEMİ ARIZALARI,0.7241,0.9224,1.066,2661
KLİMA SİSTEMİ ARIZALARI,Destek,0.7241,0.8365,1.066,2661
BASINÇLI HAVA DONANIMI ARIZALARI,ISITMA SİSTEMİ,0.4076,0.788,1.065,1498
ISITMA SİSTEMİ,BASINÇLI HAVA DONANIMI ARIZALARI,0.4076,0.5509,1.065,1498
SÜSPANSİYON SİSTEMİ ARIZALARI,KLİMA SİSTEMİ ARIZALARI,0.6416,0.9222,1.065,2358
KLİMA SİSTEMİ ARIZALARI,SÜSPANSİYON SİSTEMİ ARIZALARI,0.6416,0.7413,1.065,2358
KAMERA SİSTEMİ ARIZALARI,OTOMATİK ŞANZIMAN ARIZALARI,0.4653,0.7913,1.065,1710
OTOMATİK ŞANZIMAN ARIZALARI,KAMERA SİSTEMİ ARIZALARI,0.4653,0.6264,1.065,1710
BASINÇLI MOTOR YAĞI SİSTEMİ,MOTOR ARIZALARI,0.3374,0.9531,1.065,1240
MOTOR ARIZALARI,BASINÇLI MOTOR YAĞI SİSTEMİ,0.3374,0.3771,1.065,1240
KLİMA SİSTEMİ ARIZALARI,ISITMA SİSTEMİ,0.6819,0.7878,1.065,2506
ISITMA SİSTEMİ,KLİMA SİSTEMİ ARIZALARI,0.6819,0.9217,1.065,2506
KAPI ARIZALARI,KAYIŞ KASNAK ARIZALARI,0.4501,0.5081,1.065,1654
KAYIŞ KASNAK ARIZALARI,KAPI ARIZALARI,0.4501,0.943,1.065,1654
KLİMA SİSTEMİ ARIZALARI,MOTOR ARIZALARI,0.825,0.9532,1.065,3032
MOTOR ARIZALARI,KLİMA SİSTEMİ ARIZALARI,0.825,0.9221,1.065,3032
YAKIT ve ENJEKSİYON ARIZALARI,Destek,0.5309,0.8352,1.064,1951
Destek,YAKIT ve ENJEKSİYON ARIZALARI,0.5309,0.6763,1.064,1951
FREN ŞİKAYETLERİ,KAYIŞ KASNAK ARIZALARI,0.4313,0.5075,1.063,1585
KAYIŞ KASNAK ARIZALARI,FREN ŞİKAYETLERİ,0.4313,0.9036,1.063,1585
BASINÇLI MOTOR YAĞI SİSTEMİ,FREN ŞİKAYETLERİ,0.3195,0.9024,1.062,1174
FREN ŞİKAYETLERİ,BASINÇLI MOTOR YAĞI SİSTEMİ,0.3195,0.3759,1.062,1174
SOĞUTMA SİSTEMİ ARIZASI,SÜSPANSİYON SİSTEMİ ARIZALARI,0.6669,0.7391,1.062,2451
SÜSPANSİYON SİSTEMİ ARIZALARI,SOĞUTMA SİSTEMİ ARIZASI,0.6669,0.9585,1.062,2451
SOĞUTMA SİSTEMİ ARIZASI,Destek,0.7513,0.8326,1.061,2761
Destek,SOĞUTMA SİSTEMİ ARIZASI,0.7513,0.957,1.061,2761
MOTOR ARIZALARI,ISITMA SİSTEMİ,0.702,0.7847,1.061,2580
ISITMA SİSTEMİ,MOTOR ARIZALARI,0.702,0.9489,1.061,2580
OTOMATİK ŞANZIMAN ARIZALARI,KAPI ARIZALARI,0.6974,0.9388,1.06,2563
KAPI ARIZALARI,OTOMATİK ŞANZIMAN ARIZALARI,0.6974,0.7874,1.06,2563
MOTOR ARIZALARI,SOĞUTMA SİSTEMİ ARIZASI,0.8544,0.955,1.058,3140
SOĞUTMA SİSTEMİ ARIZASI,MOTOR ARIZALARI,0.8544,0.9469,1.058,3140
SÜSPANSİYON SİSTEMİ ARIZALARI,KAPI ARIZALARI,0.652,0.937,1.058,2396
KAPI ARIZALARI,SÜSPANSİYON SİSTEMİ ARIZALARI,0.652,0.7361,1.058,2396
KLİMA SİSTEMİ ARIZALARI,SOĞUTMA SİSTEMİ ARIZASI,0.8245,0.9525,1.056,3030
SOĞUTMA SİSTEMİ ARIZASI,KLİMA SİSTEMİ ARIZALARI,0.8245,0.9138,1.056,3030
KAROSER ARIZALARI,BASINÇLI HAVA HATTI ARIZASI,0.3118,0.3354,1.053,1146
BASINÇLI HAVA HATTI ARIZASI,KAROSER ARIZALARI,0.3118,0.9795,1.053,1146
ISITMA SİSTEMİ,SOĞUTMA SİSTEMİ ARIZASI,0.7029,0.95,1.053,2583
SOĞUTMA SİSTEMİ ARIZASI,ISITMA SİSTEMİ,0.7029,0.779,1.053,2583
KAPI ARIZALARI,Destek,0.7306,0.8249,1.051,2685
Destek,KAPI ARIZALARI,0.7306,0.9307,1.051,2685
ISITMA SİSTEMİ,YAKIT ve ENJEKSİYON ARIZALARI,0.4936,0.6672,1.05,1814
YAKIT ve ENJEKSİYON ARIZALARI,ISITMA SİSTEMİ,0.4936,0.7765,1.05,1814
ELEKTRİK SİSTEMİ ARIZALARI,BASINÇLI HAVA HATTI ARIZASI,0.3162,0.3343,1.05,1162
BASINÇLI HAVA HATTI ARIZASI,ELEKTRİK SİSTEMİ ARIZALARI,0.3162,0.9932,1.05,1162
BASINÇLI YAĞ HATTI ARIZASI,ELEKTRİK SİSTEMİ ARIZALARI,0.2936,0.9926,1.049,1079
ELEKTRİK SİSTEMİ ARIZALARI,BASINÇLI YAĞ HATTI ARIZASI,0.2936,0.3104,1.049,1079
YAKIT ve ENJEKSİYON ARIZALARI,AKBİL ARIZALARI,0.4993,0.7855,1.047,1835
AKBİL ARIZALARI,YAKIT ve ENJEKSİYON ARIZALARI,0.4993,0.6653,1.047,1835
KAYIŞ KASNAK ARIZALARI,ELEKTRİK SİSTEMİ ARIZALARI,0.4716,0.988,1.045,1733
ELEKTRİK SİSTEMİ ARIZALARI,KAYIŞ KASNAK ARIZALARI,0.4716,0.4986,1.045,1733
KLİMA SİSTEMİ ARIZALARI,KAMERA SİSTEMİ ARIZALARI,0.5312,0.6136,1.044,1952
KAMERA SİSTEMİ ARIZALARI,KLİMA SİSTEMİ ARIZALARI,0.5312,0.9033,1.044,1952
BASINÇLI HAVA DONANIMI ARIZALARI,ELEKTRİK SİSTEMİ ARIZALARI,0.511,0.9879,1.044,1878
ELEKTRİK SİSTEMİ ARIZALARI,BASINÇLI HAVA DONANIMI ARIZALARI,0.511,0.5403,1.044,1878
SÜSPANSİYON SİSTEMİ ARIZALARI,FREN ŞİKAYETLERİ,0.6169,0.8866,1.043,2267
FREN ŞİKAYETLERİ,SÜSPANSİYON SİSTEMİ ARIZALARI,0.6169,0.7259,1.043,2267
FREN ŞİKAYETLERİ,YAKIT ve ENJEKSİYON ARIZALARI,0.5635,0.6631,1.043,2071
YAKIT ve ENJEKSİYON ARIZALARI,FREN ŞİKAYETLERİ,0.5635,0.8866,1.043,2071
FREN ŞİKAYETLERİ,Destek,0.6958,0.8188,1.043,2557
Destek,FREN ŞİKAYETLERİ,0.6958,0.8863,1.043,2557
ISITMA SİSTEMİ,FREN ŞİKAYETLERİ,0.6552,0.8856,1.042,2408
FREN ŞİKAYETLERİ,ISITMA SİSTEMİ,0.6552,0.7711,1.042,2408
KAPI ARIZALARI,KLİMA SİSTEMİ ARIZALARI,0.7992,0.9023,1.042,2937
KLİMA SİSTEMİ ARIZALARI,KAPI ARIZALARI,0.7992,0.9233,1.042,2937
KAPI ARIZALARI,MOTOR ARIZALARI,0.825,0.9315,1.041,3032
MOTOR ARIZALARI,KAPI ARIZALARI,0.825,0.9221,1.041,3032
SOĞUTMA SİSTEMİ ARIZASI,KAPI ARIZALARI,0.8321,0.9222,1.041,3058
KAPI ARIZALARI,SOĞUTMA SİSTEMİ ARIZASI,0.8321,0.9395,1.041,3058
KAROSER ARIZALARI,BASINÇLI MOTOR YAĞI SİSTEMİ,0.3426,0.3685,1.041,1259
BASINÇLI MOTOR YAĞI SİSTEMİ,KAROSER ARIZALARI,0.3426,0.9677,1.041,1259
YAKIT ve ENJEKSİYON ARIZALARI,ELEKTRİK SİSTEMİ ARIZALARI,0.6259,0.9846,1.041,2300
ELEKTRİK SİSTEMİ ARIZALARI,YAKIT ve ENJEKSİYON ARIZALARI,0.6259,0.6617,1.041,2300
FREN ŞİKAYETLERİ,KLİMA SİSTEMİ ARIZALARI,0.7649,0.9001,1.04,2811
KLİMA SİSTEMİ ARIZALARI,FREN ŞİKAYETLERİ,0.7649,0.8837,1.04,2811
BASINÇLI YAĞ HATTI ARIZASI,KAROSER ARIZALARI,0.2857,0.966,1.039,1050
KAROSER ARIZALARI,BASINÇLI YAĞ HATTI ARIZASI,0.2857,0.3073,1.039,1050
OTOMATİK ŞANZIMAN ARIZALARI,ELEKTRİK SİSTEMİ ARIZALARI,0.7298,0.9824,1.039,2682
ELEKTRİK SİSTEMİ ARIZALARI,OTOMATİK ŞANZIMAN ARIZALARI,0.7298,0.7716,1.039,2682
BASINÇLI MOTOR YAĞI SİSTEMİ,ELEKTRİK SİSTEMİ ARIZALARI,0.3478,0.9823,1.039,1278
ELEKTRİK SİSTEMİ ARIZALARI,BASINÇLI MOTOR YAĞI SİSTEMİ,0.3478,0.3677,1.039,1278
KAPI ARIZALARI,ISITMA SİSTEMİ,0.6808,0.7687,1.039,2502
ISITMA SİSTEMİ,KAPI ARIZALARI,0.6808,0.9202,1.039,2502
SÜSPANSİYON SİSTEMİ ARIZALARI,KAROSER ARIZALARI,0.671,0.9644,1.037,2466
KAROSER ARIZALARI,SÜSPANSİYON SİSTEMİ ARIZALARI,0.671,0.7217,1.037,2466
KAROSER ARIZALARI,Destek,0.7565,0.8136,1.036,2780
Destek,KAROSER ARIZALARI,0.7565,0.9636,1.036,2780
KAROSER ARIZALARI,KAYIŞ KASNAK ARIZALARI,0.4599,0.4946,1.036,1690
KAYIŞ KASNAK ARIZALARI,KAROSER ARIZALARI,0.4599,0.9635,1.036,1690
BASINÇLI MOTOR YAĞI SİSTEMİ,AKBİL ARIZALARI,0.2754,0.7779,1.036,1012
AKBİL ARIZALARI,BASINÇLI MOTOR YAĞI SİSTEMİ,0.2754,0.3669,1.036,1012
KAMERA SİSTEMİ ARIZALARI,ISITMA SİSTEMİ,0.4503,0.7658,1.035,1655
ISITMA SİSTEMİ,KAMERA SİSTEMİ ARIZALARI,0.4503,0.6087,1.035,1655
ELEKTRİK SİSTEMİ ARIZALARI,SÜSPANSİYON SİSTEMİ ARIZALARI,0.6814,0.7204,1.035,2504
SÜSPANSİYON SİSTEMİ ARIZALARI,ELEKTRİK SİSTEMİ ARIZALARI,0.6814,0.9793,1.035,2504
SOĞUTMA SİSTEMİ ARIZASI,FREN ŞİKAYETLERİ,0.7937,0.8797,1.035,2917
FREN ŞİKAYETLERİ,SOĞUTMA SİSTEMİ ARIZASI,0.7937,0.934,1.035,2917
OTOMATİK ŞANZIMAN ARIZALARI,KAROSER ARIZALARI,0.7148,0.9623,1.035,2627
KAROSER ARIZALARI,OTOMATİK ŞANZIMAN ARIZALARI,0.7148,0.7688,1.035,2627
KAPI ARIZALARI,KAMERA SİSTEMİ ARIZALARI,0.5385,0.608,1.034,1979
KAMERA SİSTEMİ ARIZALARI,KAPI ARIZALARI,0.5385,0.9158,1.034,1979
KAROSER ARIZALARI,KAMERA SİSTEMİ ARIZALARI,0.5646,0.6073,1.033,2075
KAMERA SİSTEMİ ARIZALARI,KAROSER ARIZALARI,0.5646,0.9602,1.033,2075
MOTOR ARIZALARI,FREN ŞİKAYETLERİ,0.7853,0.8777,1.033,2886
FREN ŞİKAYETLERİ,MOTOR ARIZALARI,0.7853,0.9241,1.033,2886
ELEKTRİK SİSTEMİ ARIZALARI,KLİMA SİSTEMİ ARIZALARI,0.846,0.8944,1.033,3109
KLİMA SİSTEMİ ARIZALARI,ELEKTRİK SİSTEMİ ARIZALARI,0.846,0.9774,1.033,3109
Destek,ELEKTRİK SİSTEMİ ARIZALARI,0.766,0.9757,1.032,2815
ELEKTRİK SİSTEMİ ARIZALARI,Destek,0.766,0.8098,1.032,2815
AKBİL ARIZALARI,SÜSPANSİYON SİSTEMİ ARIZALARI,0.5388,0.7179,1.032,1980
SÜSPANSİYON SİSTEMİ ARIZALARI,AKBİL ARIZALARI,0.5388,0.7743,1.032,1980
KAMERA SİSTEMİ ARIZALARI,MOTOR ARIZALARI,0.5423,0.9223,1.031,1993
MOTOR ARIZALARI,KAMERA SİSTEMİ ARIZALARI,0.5423,0.6061,1.031,1993
KAROSER ARIZALARI,MOTOR ARIZALARI,0.8577,0.9224,1.031,3152
MOTOR ARIZALARI,KAROSER ARIZALARI,0.8577,0.9586,1.031,3152
KLİMA SİSTEMİ ARIZALARI,KAROSER ARIZALARI,0.8297,0.9585,1.031,3049
KAROSER ARIZALARI,KLİMA SİSTEMİ ARIZALARI,0.8297,0.8923,1.031,3049
KAMERA SİSTEMİ ARIZALARI,SOĞUTMA SİSTEMİ ARIZASI,0.5472,0.9306,1.031,2011
SOĞUTMA SİSTEMİ ARIZASI,KAMERA SİSTEMİ ARIZALARI,0.5472,0.6065,1.031,2011
LASTİK ARIZALARI,ISITMA SİSTEMİ,0.3246,0.7628,1.031,1193
ISITMA SİSTEMİ,LASTİK ARIZALARI,0.3246,0.4388,1.031,1193
AKBİL ARIZALARI,MOTOR ARIZALARI,0.6922,0.9224,1.031,2544
MOTOR ARIZALARI,AKBİL ARIZALARI,0.6922,0.7737,1.031,2544
MOTOR ARIZALARI,ELEKTRİK SİSTEMİ ARIZALARI,0.8727,0.9754,1.031,3207
ELEKTRİK SİSTEMİ ARIZALARI,MOTOR ARIZALARI,0.8727,0.9226,1.031,3207
YAKIT ve ENJEKSİYON ARIZALARI,KAROSER ARIZALARI,0.609,0.958,1.03,2238
KAROSER ARIZALARI,YAKIT ve ENJEKSİYON ARIZALARI,0.609,0.655,1.03,2238
KAROSER ARIZALARI,BASINÇLI HAVA DONANIMI ARIZALARI,0.4952,0.5326,1.03,1820
BASINÇLI HAVA DONANIMI ARIZALARI,KAROSER ARIZALARI,0.4952,0.9574,1.03,1820
ISITMA SİSTEMİ,KAROSER ARIZALARI,0.7083,0.9573,1.03,2603
KAROSER ARIZALARI,ISITMA SİSTEMİ,0.7083,0.7618,1.03,2603
ELEKTRİK SİSTEMİ ARIZALARI,SOĞUTMA SİSTEMİ ARIZASI,0.8778,0.9281,1.029,3226
SOĞUTMA SİSTEMİ ARIZASI,ELEKTRİK SİSTEMİ ARIZALARI,0.8778,0.9729,1.029,3226
KAROSER ARIZALARI,SOĞUTMA SİSTEMİ ARIZASI,0.8623,0.9274,1.028,3169
SOĞUTMA SİSTEMİ ARIZASI,KAROSER ARIZALARI,0.8623,0.9557,1.028,3169
ELEKTRİK SİSTEMİ ARIZALARI,ISITMA SİSTEMİ,0.7184,0.7595,1.027,2640
ISITMA SİSTEMİ,ELEKTRİK SİSTEMİ ARIZALARI,0.7184,0.9709,1.027,2640
SÜSPANSİYON SİSTEMİ ARIZALARI,LASTİK ARIZALARI,0.3039,0.4368,1.026,1117
LASTİK ARIZALARI,SÜSPANSİYON SİSTEMİ ARIZALARI,0.3039,0.7142,1.026,1117
AKBİL ARIZALARI,ISITMA SİSTEMİ,0.5698,0.7592,1.026,2094
ISITMA SİSTEMİ,AKBİL ARIZALARI,0.5698,0.7701,1.026,2094
BASINÇLI HAVA DONANIMI ARIZALARI,AKBİL ARIZALARI,0.3978,0.7691,1.025,1462
AKBİL ARIZALARI,BASINÇLI HAVA DONANIMI ARIZALARI,0.3978,0.5301,1.025,1462
FREN ŞİKAYETLERİ,KAPI ARIZALARI,0.7703,0.9065,1.023,2831
KAPI ARIZALARI,FREN ŞİKAYETLERİ,0.7703,0.8697,1.023,2831
KAMERA SİSTEMİ ARIZALARI,ELEKTRİK SİSTEMİ ARIZALARI,0.5687,0.9671,1.023,2090
ELEKTRİK SİSTEMİ ARIZALARI,KAMERA SİSTEMİ ARIZALARI,0.5687,0.6013,1.023,2090
ELEKTRİK SİSTEMİ ARIZALARI,KAPI ARIZALARI,0.8558,0.9048,1.022,3145
KAPI ARIZALARI,ELEKTRİK SİSTEMİ ARIZALARI,0.8558,0.9662,1.022,3145
KAROSER ARIZALARI,KAPI ARIZALARI,0.8414,0.9049,1.022,3092
KAPI ARIZALARI,KAROSER ARIZALARI,0.8414,0.9499,1.022,3092
Destek,LASTİK ARIZALARI,0.3412,0.4347,1.021,1254
LASTİK ARIZALARI,Destek,0.3412,0.8018,1.021,1254
FREN ŞİKAYETLERİ,KAMERA SİSTEMİ ARIZALARI,0.5102,0.6004,1.021,1875
KAMERA SİSTEMİ ARIZALARI,FREN ŞİKAYETLERİ,0.5102,0.8677,1.021,1875
AKBİL ARIZALARI,Destek,0.6008,0.8006,1.02,2208
Destek,AKBİL ARIZALARI,0.6008,0.7653,1.02,2208
AKBİL ARIZALARI,SOĞUTMA SİSTEMİ ARIZASI,0.6898,0.9191,1.019,2535
SOĞUTMA SİSTEMİ ARIZASI,AKBİL ARIZALARI,0.6898,0.7645,1.019,2535
BASINÇLI MOTOR YAĞI SİSTEMİ,LASTİK ARIZALARI,0.1535,0.4335,1.019,564
LASTİK ARIZALARI,BASINÇLI MOTOR YAĞI SİSTEMİ,0.1535,0.3606,1.019,564
FREN ŞİKAYETLERİ,ELEKTRİK SİSTEMİ ARIZALARI,0.8182,0.9629,1.018,3007
ELEKTRİK SİSTEMİ ARIZALARI,FREN ŞİKAYETLERİ,0.8182,0.8651,1.018,3007
AKBİL ARIZALARI,KLİMA SİSTEMİ ARIZALARI,0.6615,0.8814,1.018,2431
KLİMA SİSTEMİ ARIZALARI,AKBİL ARIZALARI,0.6615,0.7642,1.018,2431
KAROSER ARIZALARI,AKBİL ARIZALARI,0.7102,0.7638,1.018,2610
AKBİL ARIZALARI,KAROSER ARIZALARI,0.7102,0.9463,1.018,2610
KAROSER ARIZALARI,ELEKTRİK SİSTEMİ ARIZALARI,0.8944,0.962,1.017,3287
ELEKTRİK SİSTEMİ ARIZALARI,KAROSER ARIZALARI,0.8944,0.9456,1.017,3287
FREN ŞİKAYETLERİ,KAROSER ARIZALARI,0.8022,0.944,1.015,2948
KAROSER ARIZALARI,FREN ŞİKAYETLERİ,0.8022,0.8627,1.015,2948
KAPI ARIZALARI,AKBİL ARIZALARI,0.6748,0.7619,1.015,2480
AKBİL ARIZALARI,KAPI ARIZALARI,0.6748,0.8992,1.015,2480
LASTİK ARIZALARI,BASINÇLI YAĞ HATTI ARIZASI,0.1276,0.2999,1.014,469
BASINÇLI YAĞ HATTI ARIZASI,LASTİK ARIZALARI,0.1276,0.4315,1.014,469
LASTİK ARIZALARI,BASINÇLI HAVA DONANIMI ARIZALARI,0.2223,0.5224,1.01,817
BASINÇLI HAVA DONANIMI ARIZALARI,LASTİK ARIZALARI,0.2223,0.4298,1.01,817
BASINÇLI HAVA HATTI ARIZASI,KAMERA SİSTEMİ ARIZALARI,0.1891,0.594,1.01,695
KAMERA SİSTEMİ ARIZALARI,BASINÇLI HAVA HATTI ARIZASI,0.1891,0.3216,1.01,695
AKBİL ARIZALARI,ELEKTRİK SİSTEMİ ARIZALARI,0.7173,0.9558,1.01,2636
ELEKTRİK SİSTEMİ ARIZALARI,AKBİL ARIZALARI,0.7173,0.7583,1.01,2636
FREN ŞİKAYETLERİ,LASTİK ARIZALARI,0.3641,0.4284,1.007,1338
LASTİK ARIZALARI,FREN ŞİKAYETLERİ,0.3641,0.8555,1.007,1338
AKBİL ARIZALARI,OTOMATİK ŞANZIMAN ARIZALARI,0.5595,0.7455,1.004,2056
OTOMATİK ŞANZIMAN ARIZALARI,AKBİL ARIZALARI,0.5595,0.7531,1.004,2056
AKBİL ARIZALARI,FREN ŞİKAYETLERİ,0.6405,0.8535,1.004,2354
FREN ŞİKAYETLERİ,AKBİL ARIZALARI,0.6405,0.7538,1.004,2354
LASTİK ARIZALARI,MOTOR ARIZALARI,0.382,0.8977,1.003,1404
MOTOR ARIZALARI,LASTİK ARIZALARI,0.382,0.427,1.003,1404
LASTİK ARIZALARI,KAPI ARIZALARI,0.3766,0.8849,0.999,1384
KAPI ARIZALARI,LASTİK ARIZALARI,0.3766,0.4252,0.999,1384
OTOMATİK ŞANZIMAN ARIZALARI,LASTİK ARIZALARI,0.3156,0.4249,0.998,1160
LASTİK ARIZALARI,OTOMATİK ŞANZIMAN ARIZALARI,0.3156,0.7417,0.998,1160
KAROSER ARIZALARI,LASTİK ARIZALARI,0.3948,0.4246,0.998,1451
LASTİK ARIZALARI,KAROSER ARIZALARI,0.3948,0.9277,0.998,1451
AKBİL ARIZALARI,KAYIŞ KASNAK ARIZALARI,0.3565,0.475,0.995,1310
KAYIŞ KASNAK ARIZALARI,AKBİL ARIZALARI,0.3565,0.7469,0.995,1310
SOĞUTMA SİSTEMİ ARIZASI,LASTİK ARIZALARI,0.3815,0.4228,0.993,1402
LASTİK ARIZALARI,SOĞUTMA SİSTEMİ ARIZASI,0.3815,0.8964,0.993,1402
KAMERA SİSTEMİ ARIZALARI,Destek,0.4571,0.7774,0.99,1680
Destek,KAMERA SİSTEMİ ARIZALARI,0.4571,0.5823,0.99,1680
ELEKTRİK SİSTEMİ ARIZALARI,LASTİK ARIZALARI,0.3954,0.418,0.982,1453
LASTİK ARIZALARI,ELEKTRİK SİSTEMİ ARIZALARI,0.3954,0.929,0.982,1453
BASINÇLI HAVA HATTI ARIZASI,AKBİL ARIZALARI,0.2343,0.7359,0.981,861
AKBİL ARIZALARI,BASINÇLI HAVA HATTI ARIZASI,0.2343,0.3122,0.981,861
YAKIT ve ENJEKSİYON ARIZALARI,LASTİK ARIZALARI,0.265,0.417,0.98,974
LASTİK ARIZALARI,YAKIT ve ENJEKSİYON ARIZALARI,0.265,0.6228,0.98,974
KLİMA SİSTEMİ ARIZALARI,LASTİK ARIZALARI,0.3605,0.4165,0.979,1325
LASTİK ARIZALARI,KLİMA SİSTEMİ ARIZALARI,0.3605,0.8472,0.979,1325
LASTİK ARIZALARI,KAYIŞ KASNAK ARIZALARI,0.1978,0.4648,0.974,727
KAYIŞ KASNAK ARIZALARI,LASTİK ARIZALARI,0.1978,0.4145,0.974,727
LASTİK ARIZALARI,AKBİL ARIZALARI,0.311,0.7308,0.974,1143
AKBİL ARIZALARI,LASTİK ARIZALARI,0.311,0.4144,0.974,1143
BASINÇLI YAĞ HATTI ARIZASI,KAMERA SİSTEMİ ARIZALARI,0.169,0.5713,0.972,621
KAMERA SİSTEMİ ARIZALARI,BASINÇLI YAĞ HATTI ARIZASI,0.169,0.2874,0.972,621
KAMERA SİSTEMİ ARIZALARI,LASTİK ARIZALARI,0.2348,0.3994,0.938,863
LASTİK ARIZALARI,KAMERA SİSTEMİ ARIZALARI,0.2348,0.5518,0.938,863
BASINÇLI YAĞ HATTI ARIZASI,AKBİL ARIZALARI,0.1997,0.6753,0.9,734
AKBİL ARIZALARI,BASINÇLI YAĞ HATTI ARIZASI,0.1997,0.2661,0.9,734
